/*M!999999\- enable the sandbox mode */ 
-- MariaDB dump 10.19-12.0.2-MariaDB, for Android (armv7-a)
--
-- Host: localhost    Database: store_db
-- ------------------------------------------------------
-- Server version	12.0.2-MariaDB

/*!40101 SET @OLD_CHARACTER_SET_CLIENT=@@CHARACTER_SET_CLIENT */;
/*!40101 SET @OLD_CHARACTER_SET_RESULTS=@@CHARACTER_SET_RESULTS */;
/*!40101 SET @OLD_COLLATION_CONNECTION=@@COLLATION_CONNECTION */;
/*!40101 SET NAMES utf8mb4 */;
/*!40103 SET @OLD_TIME_ZONE=@@TIME_ZONE */;
/*!40103 SET TIME_ZONE='+00:00' */;
/*!40014 SET @OLD_UNIQUE_CHECKS=@@UNIQUE_CHECKS, UNIQUE_CHECKS=0 */;
/*!40014 SET @OLD_FOREIGN_KEY_CHECKS=@@FOREIGN_KEY_CHECKS, FOREIGN_KEY_CHECKS=0 */;
/*!40101 SET @OLD_SQL_MODE=@@SQL_MODE, SQL_MODE='NO_AUTO_VALUE_ON_ZERO' */;
/*M!100616 SET @OLD_NOTE_VERBOSITY=@@NOTE_VERBOSITY, NOTE_VERBOSITY=0 */;

--
-- Table structure for table `expenses`
--

DROP TABLE IF EXISTS `expenses`;
/*!40101 SET @saved_cs_client     = @@character_set_client */;
/*!40101 SET character_set_client = utf8mb4 */;
CREATE TABLE `expenses` (
  `expense_id` int(11) NOT NULL AUTO_INCREMENT,
  `expense_date` timestamp NULL DEFAULT current_timestamp(),
  `amount` decimal(10,2) NOT NULL,
  `description` varchar(255) DEFAULT '',
  PRIMARY KEY (`expense_id`)
) ENGINE=InnoDB DEFAULT CHARSET=utf8mb4 COLLATE=utf8mb4_uca1400_ai_ci;
/*!40101 SET character_set_client = @saved_cs_client */;

--
-- Dumping data for table `expenses`
--

LOCK TABLES `expenses` WRITE;
/*!40000 ALTER TABLE `expenses` DISABLE KEYS */;
set autocommit=0;
/*!40000 ALTER TABLE `expenses` ENABLE KEYS */;
UNLOCK TABLES;
commit;

--
-- Table structure for table `missing_product`
--

DROP TABLE IF EXISTS `missing_product`;
/*!40101 SET @saved_cs_client     = @@character_set_client */;
/*!40101 SET character_set_client = utf8mb4 */;
CREATE TABLE `missing_product` (
  `id` int(11) NOT NULL AUTO_INCREMENT,
  `date` datetime DEFAULT current_timestamp(),
  `product_id` int(11) DEFAULT NULL,
  `note` varchar(255) DEFAULT NULL,
  PRIMARY KEY (`id`),
  KEY `product_id` (`product_id`),
  CONSTRAINT `missing_product_ibfk_1` FOREIGN KEY (`product_id`) REFERENCES `purchases` (`purchase_id`)
) ENGINE=InnoDB DEFAULT CHARSET=utf8mb4 COLLATE=utf8mb4_uca1400_ai_ci;
/*!40101 SET character_set_client = @saved_cs_client */;

--
-- Dumping data for table `missing_product`
--

LOCK TABLES `missing_product` WRITE;
/*!40000 ALTER TABLE `missing_product` DISABLE KEYS */;
set autocommit=0;
/*!40000 ALTER TABLE `missing_product` ENABLE KEYS */;
UNLOCK TABLES;
commit;

--
-- Table structure for table `product_batches`
--

DROP TABLE IF EXISTS `product_batches`;
/*!40101 SET @saved_cs_client     = @@character_set_client */;
/*!40101 SET character_set_client = utf8mb4 */;
CREATE TABLE `product_batches` (
  `id` int(11) NOT NULL AUTO_INCREMENT,
  `product_id` int(11) DEFAULT NULL,
  `quantity` int(11) DEFAULT 0,
  `purchase_price` double NOT NULL,
  `date_received` timestamp NULL DEFAULT current_timestamp(),
  `quantity_float` decimal(10,3) DEFAULT 0.000,
  PRIMARY KEY (`id`),
  KEY `product_batches_ibfk_3` (`product_id`),
  CONSTRAINT `product_batches_ibfk_3` FOREIGN KEY (`product_id`) REFERENCES `products` (`product_id`) ON DELETE SET NULL
) ENGINE=InnoDB AUTO_INCREMENT=275 DEFAULT CHARSET=utf8mb4 COLLATE=utf8mb4_uca1400_ai_ci;
/*!40101 SET character_set_client = @saved_cs_client */;

--
-- Dumping data for table `product_batches`
--

LOCK TABLES `product_batches` WRITE;
/*!40000 ALTER TABLE `product_batches` DISABLE KEYS */;
set autocommit=0;
INSERT INTO `product_batches` VALUES
(40,NULL,1661,46464,'2025-09-07 19:18:05',1661.000),
(41,NULL,1661,46464,'2025-09-07 19:18:14',1661.000),
(42,NULL,1661,46464,'2025-09-07 19:18:16',1661.000),
(43,NULL,1661,46464,'2025-09-07 19:18:18',1661.000),
(44,NULL,15,66,'2025-09-08 18:07:41',15.000),
(45,NULL,15,66,'2025-09-08 18:07:44',15.000),
(46,NULL,15,66,'2025-09-08 18:07:46',15.000),
(47,NULL,15,66,'2025-09-08 18:07:55',15.000),
(48,NULL,15,66,'2025-09-08 18:07:58',15.000),
(49,NULL,18,6464,'2025-09-08 20:17:52',18.000),
(50,NULL,18,6464,'2025-09-08 20:17:59',18.000),
(51,NULL,18,6464,'2025-09-08 20:18:05',18.000),
(52,NULL,18,6464,'2025-09-08 20:18:09',18.000),
(53,NULL,18,6464,'2025-09-08 20:19:26',18.000),
(54,NULL,12,12,'2025-09-08 20:24:57',12.000),
(55,NULL,12,12,'2025-09-08 20:25:15',12.000),
(56,NULL,12,12,'2025-09-08 20:25:21',12.000),
(57,NULL,12,12,'2025-09-09 15:02:35',12.000),
(58,NULL,12,12,'2025-09-09 15:02:51',12.000),
(59,NULL,123,12,'2025-09-09 15:05:29',123.000),
(60,NULL,123,12,'2025-09-09 15:05:34',123.000),
(61,NULL,4646,133,'2025-09-09 15:13:10',4646.000),
(62,NULL,4646,133,'2025-09-09 15:13:12',4646.000),
(63,NULL,4646,133,'2025-09-09 15:13:14',4646.000),
(64,NULL,20,80,'2025-09-09 15:23:50',20.000),
(65,NULL,30,80,'2025-09-09 15:24:07',30.000),
(66,NULL,30,80,'2025-09-09 15:24:13',30.000),
(67,NULL,20,80,'2025-09-09 15:26:08',20.000),
(68,NULL,25,80,'2025-09-09 15:26:22',25.000),
(70,NULL,9494,64,'2025-09-10 10:47:01',9494.000),
(71,NULL,2,170,'2025-09-10 10:55:10',2.000),
(72,NULL,2,350,'2025-09-10 10:55:26',2.000),
(73,NULL,1551,121,'2025-09-10 16:22:24',1551.000),
(74,NULL,20,80,'2025-09-10 16:24:17',20.000),
(75,NULL,33,50,'2025-09-10 17:15:48',33.000),
(76,NULL,33,80,'2025-09-10 17:19:19',33.000),
(81,NULL,5,35,'2025-09-11 17:26:59',5.000),
(82,NULL,5,100,'2025-09-11 17:26:59',5.000),
(83,NULL,10,300,'2025-09-11 17:26:59',10.000),
(85,NULL,5,35,'2025-09-11 17:30:34',5.000),
(86,NULL,5,100,'2025-09-11 17:30:34',5.000),
(87,NULL,10,300,'2025-09-11 17:30:34',10.000),
(88,NULL,10,90,'2025-09-11 17:30:34',10.000),
(89,NULL,5,35,'2025-09-11 17:32:08',5.000),
(90,NULL,5,100,'2025-09-11 17:32:08',5.000),
(91,NULL,10,300,'2025-09-11 17:32:08',10.000),
(92,NULL,10,90,'2025-09-11 17:32:08',10.000),
(95,NULL,30,120,'2025-09-27 10:24:43',30.000),
(96,NULL,24,100,'2025-09-27 10:25:10',24.000),
(97,NULL,40,85,'2025-09-27 10:25:33',40.000),
(98,NULL,4,650,'2025-09-27 10:26:18',4.000),
(99,NULL,24,170,'2025-09-27 10:26:57',24.000),
(100,NULL,2,2200,'2025-09-27 10:27:33',2.000),
(101,NULL,2,2100,'2025-09-27 10:27:50',2.000),
(102,NULL,4,1200,'2025-09-27 10:28:13',4.000),
(103,NULL,5,650,'2025-09-27 10:28:36',5.000),
(104,NULL,4946,6464,'2025-09-27 10:34:37',4946.000),
(105,NULL,1616,46464,'2025-09-27 10:35:17',1616.000),
(106,NULL,7576,667,'2025-09-27 11:13:48',7576.000),
(107,NULL,12,12,'2025-09-27 11:20:13',12.000),
(108,NULL,24,120,'2025-09-27 11:34:00',24.000),
(109,NULL,24,120,'2025-09-27 11:40:14',24.000),
(110,NULL,24,120,'2025-09-27 17:31:57',24.000),
(111,NULL,24,120,'2025-09-27 18:17:25',24.000),
(112,NULL,24,120,'2025-09-27 18:18:18',24.000),
(113,NULL,1,120,'2025-09-27 20:30:55',1.000),
(114,NULL,12,120,'2025-09-28 07:34:42',12.000),
(115,NULL,24,100,'2025-09-28 07:35:08',24.000),
(116,NULL,40,80,'2025-09-28 07:35:40',40.000),
(117,NULL,40,88,'2025-09-28 07:52:53',40.000),
(118,NULL,12,620,'2025-09-28 07:53:38',12.000),
(119,NULL,5,170,'2025-09-28 07:54:36',5.000),
(120,NULL,2,600,'2025-09-28 07:56:56',2.000),
(121,NULL,2,1500,'2025-10-01 07:53:46',2.000),
(122,NULL,5,600,'2025-10-01 07:54:41',5.000),
(123,NULL,5,120,'2025-10-01 08:03:43',5.000),
(124,NULL,2,1400,'2025-10-01 08:04:38',2.000),
(125,NULL,2,625,'2025-10-04 07:32:25',2.000),
(126,NULL,3,1000,'2025-10-04 07:33:47',3.000),
(127,NULL,1,600,'2025-10-04 07:34:59',1.000),
(128,NULL,3,800,'2025-10-04 07:35:28',3.000),
(129,NULL,1,300,'2025-10-04 07:36:11',1.000),
(130,NULL,4,650,'2025-10-04 07:36:55',4.000),
(131,NULL,4,2150,'2025-10-04 07:38:01',4.000),
(132,NULL,4,2250,'2025-10-04 07:38:16',4.000),
(133,NULL,5,320,'2025-10-04 07:38:43',5.000),
(134,NULL,5,1200,'2025-10-04 07:39:56',5.000),
(135,NULL,3,300,'2025-10-04 07:40:33',3.000),
(136,NULL,2,2500,'2025-10-04 07:40:59',2.000),
(137,NULL,2,2500,'2025-10-04 07:41:19',2.000),
(138,NULL,24,85,'2025-10-04 08:33:56',24.000),
(139,NULL,24,180,'2025-10-04 08:34:28',24.000),
(140,NULL,24,170,'2025-10-04 08:35:00',24.000),
(141,NULL,24,180,'2025-10-04 08:35:15',24.000),
(142,NULL,24,80,'2025-10-04 08:35:46',24.000),
(143,NULL,24,90,'2025-10-04 08:37:52',24.000),
(144,NULL,40,85,'2025-10-04 08:38:23',40.000),
(145,NULL,20,170,'2025-10-04 08:38:57',20.000),
(146,NULL,5,180,'2025-10-04 08:39:23',5.000),
(147,NULL,12,120,'2025-10-04 08:44:13',12.000),
(148,NULL,10,620,'2025-10-04 08:51:25',10.000),
(149,NULL,15,170,'2025-10-04 08:51:51',15.000),
(150,NULL,90,15,'2025-10-04 08:52:39',90.000),
(151,NULL,24,120,'2025-10-04 08:53:11',24.000),
(152,NULL,24,100,'2025-10-04 08:53:34',24.000),
(153,NULL,12,170,'2025-10-04 08:53:57',12.000),
(154,NULL,12,340,'2025-10-04 09:00:05',12.000),
(155,NULL,2,2250,'2025-10-06 16:14:07',2.000),
(156,NULL,2,2300,'2025-10-06 16:14:41',2.000),
(158,NULL,2,550,'2025-10-06 16:17:25',2.000),
(159,NULL,2,700,'2025-10-06 16:18:02',2.000),
(160,NULL,2,300,'2025-10-06 16:18:29',2.000),
(161,NULL,2,550,'2025-10-07 12:56:59',2.000),
(162,NULL,1,800,'2025-10-07 12:57:24',1.000),
(163,NULL,NULL,550,'2025-10-07 18:31:56',1.500),
(164,NULL,0,550,'2025-10-07 18:37:27',1.500),
(165,NULL,0,550,'2025-10-07 18:37:28',1.500),
(166,NULL,0,550,'2025-10-07 18:47:31',1.500),
(167,NULL,0,700,'2025-10-07 18:48:33',1.000),
(168,NULL,0,2150,'2025-10-07 18:49:09',1.500),
(169,NULL,0,550,'2025-10-07 18:50:45',1.500),
(170,NULL,0,700,'2025-10-08 07:23:53',1.000),
(171,NULL,0,400,'2025-10-08 07:24:15',2.000),
(172,NULL,0,250,'2025-10-08 07:24:53',3.000),
(173,NULL,0,2150,'2025-10-08 07:25:18',1.500),
(174,NULL,0,2250,'2025-10-08 07:25:30',1.500),
(175,NULL,0,400,'2025-10-08 07:25:50',1.500),
(176,NULL,0,15,'2025-10-08 07:26:22',10.000),
(177,NULL,0,6,'2025-10-08 09:54:46',4979.000),
(178,182,0,550,'2025-10-08 09:58:51',1.500),
(179,183,0,650,'2025-10-08 10:04:32',0.917),
(180,184,0,350,'2025-10-08 10:05:01',0.300),
(181,185,0,250,'2025-10-08 10:05:24',2.544),
(182,186,0,2100,'2025-10-08 10:06:00',1.193),
(183,187,0,2200,'2025-10-08 10:06:12',0.096),
(184,188,0,400,'2025-10-08 10:06:31',0.863),
(185,189,0,10,'2025-10-08 10:07:09',0.000),
(186,NULL,0,65,'2025-10-08 16:48:04',20.000),
(187,NULL,0,650,'2025-10-08 16:48:31',4.000),
(188,NULL,0,100,'2025-10-08 16:49:04',12.000),
(189,NULL,0,175,'2025-10-08 16:49:34',12.000),
(190,194,0,125,'2025-10-09 13:39:13',12.000),
(191,195,0,205,'2025-10-09 13:39:48',6.000),
(192,NULL,0,625,'2025-10-09 15:49:06',5.000),
(193,NULL,0,650,'2025-10-09 15:49:30',4.000),
(194,NULL,0,650,'2025-10-09 16:01:38',5.000),
(195,NULL,0,650,'2025-10-09 16:02:30',4.000),
(196,NULL,0,170,'2025-10-09 16:03:16',12.000),
(197,NULL,0,66,'2025-10-11 18:41:48',25.000),
(198,202,0,550,'2025-10-12 09:21:49',0.273),
(199,204,0,150,'2025-10-14 18:26:45',10.000),
(200,205,0,75,'2025-10-14 18:26:45',20.000),
(201,206,0,95,'2025-10-14 18:26:45',38.000),
(202,207,0,8.5,'2025-10-14 18:26:45',90.000),
(203,208,0,18,'2025-10-14 18:26:45',49.000),
(204,209,0,19,'2025-10-14 18:26:45',48.000),
(205,210,0,22,'2025-10-14 18:26:45',47.000),
(206,211,0,45,'2025-10-14 18:26:45',18.000),
(207,212,0,1300,'2025-10-14 18:26:45',6.000),
(208,213,0,650,'2025-10-14 18:26:45',4.000),
(209,214,0,950,'2025-10-14 18:26:45',3.000),
(210,215,0,140,'2025-10-14 18:26:45',10.000),
(211,216,0,47.5,'2025-10-14 18:26:45',20.000),
(212,217,0,32.5,'2025-10-14 18:26:45',63.000),
(213,218,0,28,'2025-10-14 18:26:45',35.000),
(214,219,0,15,'2025-10-14 18:26:45',100.000),
(215,220,0,17.5,'2025-10-14 18:26:45',78.000),
(216,221,0,18.5,'2025-10-14 18:26:45',85.000),
(217,222,0,30,'2025-10-14 18:26:46',47.000),
(218,223,0,80,'2025-10-14 18:26:46',35.000),
(219,224,0,19.75,'2025-10-14 18:26:46',120.000),
(220,225,0,900,'2025-10-14 18:26:46',1.920),
(221,226,0,170,'2025-10-14 18:26:46',23.091),
(222,227,0,110.83,'2025-10-15 13:36:21',9.000),
(223,195,0,205,'2025-10-16 18:28:56',9.000),
(224,229,0,1400,'2025-10-16 18:37:44',7.000),
(225,230,0,291.66,'2025-10-16 18:37:44',12.000),
(226,202,0,250,'2025-10-16 18:37:44',8.000),
(227,231,0,580,'2025-10-16 18:37:44',1.176),
(228,232,0,850,'2025-10-16 18:37:44',3.000),
(229,202,0,550,'2025-10-16 19:22:30',11.620),
(230,228,0,100,'2025-10-16 20:27:35',17.532),
(231,228,0,110,'2025-10-16 20:42:48',124.000),
(232,246,0,85,'2025-10-22 14:38:45',4.000),
(233,240,0,85,'2025-10-22 14:38:45',7.000),
(234,241,0,170,'2025-10-22 14:38:45',2.000),
(235,250,0,370,'2025-10-23 15:18:22',4.850),
(236,185,0,280,'2025-10-23 15:18:22',3.000),
(237,249,0,1400,'2025-10-23 15:18:22',0.315),
(238,187,0,2395,'2025-10-23 15:18:22',1.000),
(239,186,0,2300,'2025-10-23 15:18:22',1.217),
(240,183,0,900,'2025-10-23 15:18:22',1.500),
(241,182,0,550,'2025-10-23 15:18:22',1.500),
(242,184,0,400,'2025-10-23 15:18:22',0.000),
(243,267,0,90,'2025-10-23 15:18:22',0.000),
(244,268,0,110,'2025-10-23 15:18:22',2.000),
(245,269,0,90,'2025-10-23 15:18:22',5.000),
(246,270,0,110,'2025-10-23 15:18:22',4.000),
(247,271,0,90,'2025-10-23 15:18:22',0.000),
(248,272,0,110,'2025-10-23 15:18:22',5.000),
(249,273,0,70,'2025-10-23 15:18:22',12.000),
(250,261,0,7.5,'2025-10-23 15:18:22',86.000),
(251,189,0,15,'2025-10-23 15:18:22',9.000),
(252,260,0,120,'2025-10-26 10:28:39',11.000),
(253,279,0,225,'2025-11-01 14:23:49',2.000),
(254,276,0,150,'2025-11-01 14:23:49',2.000),
(255,259,0,145,'2025-11-01 14:23:49',140.000),
(256,254,0,500,'2025-11-01 14:23:49',4.000),
(257,252,0,75,'2025-11-01 14:23:49',27.000),
(258,250,0,360,'2025-11-01 14:23:49',12.500),
(259,245,0,175,'2025-11-01 14:23:50',12.000),
(260,187,0,2300,'2025-11-01 14:23:50',0.000),
(261,187,0,2300,'2025-11-01 14:23:50',1.500),
(262,249,0,1300,'2025-11-01 14:23:50',1.000),
(263,285,0,68,'2025-11-01 14:23:50',12.000),
(264,248,0,1200,'2025-11-01 14:23:50',1.000),
(265,286,0,200,'2025-11-01 14:23:50',5.000),
(266,287,0,12,'2025-11-01 16:05:39',120.000),
(267,288,0,12,'2025-11-01 16:05:39',120.000),
(268,289,0,12,'2025-11-01 16:05:39',120.000),
(269,NULL,0,160,'2025-11-22 17:22:54',120.000),
(270,NULL,0,650,'2025-11-22 17:22:54',2.500),
(271,NULL,0,160,'2025-11-22 17:23:21',120.000),
(272,NULL,0,650,'2025-11-22 17:23:21',2.500),
(273,NULL,0,160,'2025-11-22 17:37:10',120.000),
(274,NULL,0,650,'2025-11-22 17:37:10',2.500);
/*!40000 ALTER TABLE `product_batches` ENABLE KEYS */;
UNLOCK TABLES;
commit;

--
-- Table structure for table `products`
--

DROP TABLE IF EXISTS `products`;
/*!40101 SET @saved_cs_client     = @@character_set_client */;
/*!40101 SET character_set_client = utf8mb4 */;
CREATE TABLE `products` (
  `product_id` int(11) NOT NULL AUTO_INCREMENT,
  `name` varchar(100) DEFAULT NULL,
  `current_price` decimal(10,2) DEFAULT NULL,
  `barcode` varchar(64) DEFAULT NULL,
  `quantity` int(11) DEFAULT 0,
  `quantity_float` decimal(10,3) DEFAULT 0.000,
  `user_id` int(11) NOT NULL,
  PRIMARY KEY (`product_id`),
  UNIQUE KEY `barcode` (`barcode`),
  KEY `fk_user_products` (`user_id`),
  CONSTRAINT `fk_user_products` FOREIGN KEY (`user_id`) REFERENCES `user` (`id`)
) ENGINE=InnoDB AUTO_INCREMENT=347 DEFAULT CHARSET=utf8mb4 COLLATE=utf8mb4_uca1400_ai_ci;
/*!40101 SET character_set_client = @saved_cs_client */;

--
-- Dumping data for table `products`
--

LOCK TABLES `products` WRITE;
/*!40000 ALTER TABLE `products` DISABLE KEYS */;
set autocommit=0;
INSERT INTO `products` VALUES
(182,'جلجلان',1000.00,'20251008105851816425',0,1.160,1),
(183,'نواة كوكو',1200.00,'20251008110432743373',0,1.376,1),
(184,'اسيد سيتريك',600.00,'20251008110501189214',0,0.000,1),
(185,'كاوكاو احمر',350.00,'20251008110524223351',0,2.544,1),
(186,'لوز احمر ',2300.00,'20251008110600335167',0,0.794,1),
(187,'لوز ابيض',2400.00,'20251008110612454909',0,1.090,1),
(188,'كاوكاو ايفيلي',800.00,'20251008110631164060',0,0.000,1),
(189,'ملون ابيض',20.00,'20251008110709663108',0,0.000,1),
(194,'Optilla 200g',150.00,'20251009143913842243',0,8.000,1),
(195,'Optilla 350g',240.00,'20251009143948109609',0,3.000,1),
(202,'فانيلا',1000.00,'20251012102001836065',0,9.058,1),
(204,'ساشيات 10كغ',180.00,'20251013150708236972',0,10.000,1),
(205,'ساشيات 3كغ ابيض',100.00,'20251013151202795875',0,20.000,1),
(206,'ساشيات 5كغ ',120.00,'20251013151254589909',0,38.000,1),
(207,'Boite patisserie 8',15.00,'20251013152747245809',0,90.000,1),
(208,'Boite patisserie 24',30.00,'20251013152809217247',0,45.000,1),
(209,'Boite patisserie 36',35.00,'20251013152825365225',0,45.000,1),
(210,'Boite patisserie 48',40.00,'20251013152836005707',0,41.000,1),
(211,'ساشيات خبز',70.00,'20251013152904699137',0,18.000,1),
(212,'Rouleau aliminuim',1600.00,'20251013152945863176',0,6.000,1),
(213,'Boite pizza',750.00,'20251013153012286519',0,3.000,1),
(214,'Boite raib kbar',1050.00,'20251013153148593539',0,3.000,1),
(215,'Sache croissant 18',170.00,'20251013153723015438',0,10.000,1),
(216,'ساشيات 3 كغ اسود',100.00,'20251013191254784095',0,20.000,1),
(217,'كيسات 12/15',60.00,'20251013191456855804',0,50.000,1),
(218,'Boite patisserie 48H',50.00,'20251013191706834730',0,23.000,1),
(219,'Boite plastique 500cc',20.00,'20251013191908236725',0,90.000,1),
(220,'Boite plastique 750cc',30.00,'20251013191930556832',0,70.000,1),
(221,'Boite plastique 1000cc',35.00,'20251013192000044839',0,81.000,1),
(222,'Boite plastique 2000cc',50.00,'20251013192027775663',0,34.000,1),
(223,'Papier trasnparent 10m',120.00,'20251013192221536001',0,35.000,1),
(224,'Boite aliminuim',35.00,'20251013192539956706',0,115.000,1),
(225,'Boite raib sghar',1000.00,'20251013192821635211',0,1.920,1),
(226,'كارط ميزان',250.00,'20251013192930457790',0,22.064,1),
(227,'عجينة السكر',150.00,'20251015143608196768',0,1.000,1),
(228,'0test',120.00,'20251015164212216180',0,109.000,1),
(229,'بيدون خمارة',1650.00,'20251016193027815336',0,7.000,1),
(230,'خمارة 1كغ',400.00,'20251016193201041714',0,12.000,1),
(231,'شانتيي',1000.00,'20251016193411833952',0,0.000,1),
(232,'كاكاو بني',1500.00,'20251016193450473694',0,2.747,1),
(235,'كيسات مقروط مدورين ذهبي',60.00,'20251017180256239873',0,0.000,1),
(236,'كيسات مقروط مدورين فضي',50.00,'20251017180315275128',0,0.000,1),
(237,'كيسات دونتال',50.00,'20251017180359529692',0,0.000,1),
(240,'مارغارين لابال 250غ',100.00,'20251020084559454266',0,7.000,1),
(241,'مارغارين لابال 500غ',190.00,'20251020084623414554',0,1.000,1),
(242,'مارغارين ديما 250غ',110.00,'20251020084700033674',0,0.000,1),
(243,'مارغارين ديما 500غ',200.00,'20251020084827630974',0,4.000,1),
(244,'مارغارين ماني 250غ',110.00,'20251020084955944281',0,-1.000,1),
(245,'مارغارين ماني 500غ',200.00,'20251020085017582850',0,12.000,1),
(246,'مارغارين فلوريال',100.00,'20251020085120761829',0,0.000,1),
(247,'زبدة الصالحة',190.00,'20251020085626409345',0,0.000,1),
(248,'فايتين',1900.00,'20251020103455432680',0,1.000,1),
(249,'جوز',1450.00,'20251020103514917404',0,1.000,1),
(250,'كاوكاو ابيض',450.00,'20251020112959085979',0,12.500,1),
(251,'Pepites au chocolat',1000.00,'20251020113021633536',0,0.000,1),
(252,'فرينة سيم 1 كغ',90.00,'20251020200500773834',0,24.000,1),
(253,'قاطو بيمو',120.00,'20251020200518066301',0,0.000,1),
(254,'حلوة الترك',800.00,'20251020200534872255',0,3.863,1),
(255,'عطر الفراولة',1500.00,'20251020200621013963',0,0.000,1),
(256,'عطر الليمون الابيض',1500.00,'20251020200632868114',0,0.000,1),
(257,'عطر اللوز',1500.00,'20251020200653037581',0,0.000,1),
(258,'Fourage fraise',400.00,'20251020200836122365',0,0.000,1),
(259,'معجون المشماش',160.00,'20251021113727700532',0,140.000,1),
(260,'زبدة اوبلين',150.00,'20251021113756504791',0,10.000,1),
(261,'خمارة الحلوة نوارة',10.00,'20251021175725308042',0,49.000,1),
(264,'سمن مدينة 500غ',280.00,'20251022163303186636',0,0.000,1),
(265,'سمن مدينة 900غ',450.00,'20251022163322685449',0,1.000,1),
(266,'سمن مدينة 1800غ',850.00,'20251022163338940235',0,0.000,1),
(267,'دونتال عسلي 4.5',110.00,'20251023114702123375',0,0.000,1),
(268,'دونتال عسلي 5.5',130.00,'20251023114716772417',0,0.000,1),
(269,'دونتال ابيض سامبل 4.5',110.00,'20251023114754558965',0,5.000,1),
(270,'دونتال ابيض سامبل 5.5',130.00,'20251023114808524665',0,2.000,1),
(271,'دونتال ابيض منقط 4.5',110.00,'20251023114834616469',0,0.000,1),
(272,'دونتال ابيض منقط 5.5',130.00,'20251023114848947578',0,2.000,1),
(273,'ناكري صغير',100.00,'20251023114959582098',0,12.000,1),
(274,'سكر 1 كغ',95.00,'20251025111911662668',0,0.000,1),
(275,'مول الموسكوتشو',350.00,'20251025111947762774',0,0.000,1),
(276,'فرميسال شيكولة',500.00,'20251028182812714164',0,2.000,1),
(277,'خيط ذهبي  ساشيات حلوة',30.00,'20251029105858880422',0,0.000,1),
(278,'سيلوفان تغليف',30.00,'20251029123133548171',0,0.000,1),
(279,'فرميسال ملونة',600.00,'20251029164756562134',0,2.000,1),
(280,'فانيلا سائلة',150.00,'20251030105941999598',0,0.000,1),
(281,'عطر الفانيلا',150.00,'20251030110000040452',0,0.000,1),
(282,'كارط طوابل اعراس',200.00,'20251030143347596370',0,0.000,1),
(283,'عسيلة المرجان 1كغ',200.00,'20251030175331919129',0,0.000,1),
(285,'مزهر',80.00,'20251101152131993344',0,11.000,1),
(286,'بيكاربونات',350.00,'20251101152332715784',0,5.000,1),
(287,'Test1',15.00,'20251101170319093499',0,125.000,1),
(288,'Test2',15.00,'20251101170324508681',0,123.000,1),
(289,'Test3',15.00,'20251101170328844950',0,120.000,1),
(290,'كيسات مشوك 8',50.00,'20251102163029328270',0,0.000,1),
(291,'طباسا جوتابل صغار',100.00,'20251102171629126281',0,0.000,1),
(292,'طباسا جوتابل متوسطين',120.00,'20251102171642822903',0,0.000,1),
(293,'طباسا جوتابل كبار',150.00,'20251102171658184840',0,0.000,1),
(294,'جرارة قريوش',100.00,'20251104112306905946',0,0.000,1),
(295,'باطات حمورا كبار',150.00,'20251105185343658493',0,0.000,1),
(297,'Teqt2',130.00,'20251111161508494978',0,0.000,3),
(298,'test',500.00,'1500',0,0.000,3),
(326,'11',0.00,'20251120201646224043',0,0.000,2);
/*!40000 ALTER TABLE `products` ENABLE KEYS */;
UNLOCK TABLES;
commit;

--
-- Table structure for table `purchase_items`
--

DROP TABLE IF EXISTS `purchase_items`;
/*!40101 SET @saved_cs_client     = @@character_set_client */;
/*!40101 SET character_set_client = utf8mb4 */;
CREATE TABLE `purchase_items` (
  `purchase_item_id` int(11) NOT NULL AUTO_INCREMENT,
  `purchase_id` int(11) NOT NULL,
  `product_id` int(11) DEFAULT NULL,
  `purchase_price` decimal(10,2) NOT NULL,
  `quantity` int(11) NOT NULL DEFAULT 0,
  `quantity_float` decimal(10,3) DEFAULT 0.000,
  `remain_quantity` decimal(10,3) DEFAULT 0.000,
  PRIMARY KEY (`purchase_item_id`),
  KEY `purchase_id` (`purchase_id`),
  KEY `purchase_items_ibfk_2` (`product_id`),
  CONSTRAINT `purchase_items_ibfk_1` FOREIGN KEY (`purchase_id`) REFERENCES `purchases` (`purchase_id`),
  CONSTRAINT `purchase_items_ibfk_2` FOREIGN KEY (`product_id`) REFERENCES `products` (`product_id`) ON DELETE SET NULL
) ENGINE=InnoDB AUTO_INCREMENT=269 DEFAULT CHARSET=utf8mb4 COLLATE=utf8mb4_uca1400_ai_ci;
/*!40101 SET character_set_client = @saved_cs_client */;

--
-- Dumping data for table `purchase_items`
--

LOCK TABLES `purchase_items` WRITE;
/*!40000 ALTER TABLE `purchase_items` DISABLE KEYS */;
set autocommit=0;
INSERT INTO `purchase_items` VALUES
(132,58,182,540.00,0,1.500,0.000),
(133,58,183,640.00,0,1.000,0.000),
(134,58,184,350.00,0,2.000,0.000),
(135,58,185,250.00,0,3.000,0.000),
(136,58,186,2100.00,0,1.500,0.000),
(137,58,187,2200.00,0,1.500,0.000),
(138,58,188,400.00,0,1.500,0.000),
(139,58,189,5.00,0,10.000,0.000),
(144,60,194,125.00,0,12.000,0.000),
(145,60,195,205.00,0,12.000,0.000),
(152,63,202,550.00,0,4.000,0.000),
(153,64,204,150.00,0,10.000,0.000),
(154,64,205,75.00,0,20.000,0.000),
(155,64,206,95.00,0,40.000,0.000),
(156,64,207,8.50,0,100.000,0.000),
(157,64,208,18.00,0,50.000,0.000),
(158,64,209,19.00,0,50.000,0.000),
(159,64,210,22.00,0,50.000,0.000),
(160,64,211,45.00,0,20.000,0.000),
(161,64,212,1300.00,0,6.000,0.000),
(162,64,213,650.00,0,5.000,0.000),
(163,64,214,950.00,0,3.000,0.000),
(164,64,215,140.00,0,10.000,0.000),
(165,64,216,47.50,0,20.000,0.000),
(166,64,217,32.50,0,80.000,0.000),
(167,64,218,28.00,0,50.000,0.000),
(168,64,219,15.00,0,100.000,0.000),
(169,64,220,17.50,0,100.000,0.000),
(170,64,221,18.50,0,100.000,0.000),
(171,64,222,30.00,0,50.000,0.000),
(172,64,223,80.00,0,35.000,0.000),
(173,64,224,19.75,0,120.000,0.000),
(174,64,225,900.00,0,2.000,0.000),
(175,64,226,170.00,0,25.000,0.000),
(176,65,227,110.83,0,12.000,0.000),
(178,70,229,1400.00,0,7.000,0.000),
(179,70,230,291.66,0,12.000,0.000),
(180,70,202,250.00,0,8.000,0.000),
(181,70,231,580.00,0,5.000,0.000),
(182,70,232,850.00,0,3.000,0.000),
(185,72,202,550.00,0,1.810,0.000),
(188,72,231,580.00,0,0.100,0.000),
(189,72,231,580.00,0,0.100,0.000),
(190,72,227,110.00,0,2.000,0.000),
(191,72,183,700.00,0,0.081,0.000),
(213,78,187,2300.00,0,1.500,0.000),
(214,78,186,2200.00,0,1.000,0.000),
(215,78,249,1400.00,0,1.000,0.000),
(216,78,250,350.00,0,3.000,0.000),
(217,78,185,280.00,0,3.000,0.000),
(218,78,182,650.00,0,1.000,0.000),
(219,78,183,800.00,0,1.000,0.000),
(220,78,255,1000.00,0,1.000,0.000),
(221,78,256,1000.00,0,1.000,0.000),
(222,78,248,1500.00,0,1.000,0.000),
(223,79,246,85.00,0,12.000,0.000),
(224,79,240,85.00,0,10.000,0.000),
(225,79,241,170.00,0,2.000,0.000),
(226,79,265,420.00,0,2.000,0.000),
(227,80,250,370.00,0,5.000,0.000),
(228,80,185,280.00,0,3.000,0.000),
(229,80,249,1400.00,0,1.500,0.000),
(230,80,187,2395.00,0,1.000,0.000),
(231,80,186,2300.00,0,1.000,0.000),
(232,80,183,900.00,0,1.500,0.000),
(233,80,182,550.00,0,1.500,0.000),
(234,80,184,400.00,0,0.000,0.000),
(235,80,267,90.00,0,5.000,0.000),
(236,80,268,110.00,0,5.000,0.000),
(237,80,269,90.00,0,5.000,0.000),
(238,80,270,110.00,0,5.000,0.000),
(239,80,271,90.00,0,0.000,0.000),
(240,80,272,110.00,0,5.000,0.000),
(241,80,273,70.00,0,12.000,0.000),
(242,80,261,7.50,0,100.000,0.000),
(243,80,189,15.00,0,10.000,0.000),
(244,81,260,120.00,0,12.000,0.000),
(245,82,279,225.00,0,2.000,2.000),
(246,82,276,150.00,0,2.000,2.000),
(247,82,259,145.00,0,140.000,140.000),
(248,82,254,500.00,0,4.000,3.863),
(249,82,252,75.00,0,27.000,27.000),
(250,82,250,360.00,0,12.500,12.500),
(251,82,245,175.00,0,12.000,12.000),
(252,82,187,2300.00,0,0.000,1.500),
(253,82,187,2300.00,0,1.500,1.500),
(254,82,249,1300.00,0,1.027,1.027),
(255,81,NULL,68.00,0,12.000,12.000),
(256,82,285,68.00,0,12.000,12.000),
(257,82,248,1200.00,0,1.000,1.000),
(258,82,286,200.00,0,5.000,5.000),
(259,79,243,175.00,0,6.000,4.000),
(260,83,287,12.00,0,120.000,120.000),
(261,83,288,12.00,0,120.000,120.000),
(262,83,289,12.00,0,120.000,120.000),
(263,85,NULL,160.00,0,120.000,120.000),
(264,85,NULL,650.00,0,2.500,2.500),
(265,86,NULL,160.00,0,120.000,120.000),
(266,86,NULL,650.00,0,2.500,2.500),
(267,87,NULL,160.00,0,120.000,120.000),
(268,87,NULL,650.00,0,2.500,2.500);
/*!40000 ALTER TABLE `purchase_items` ENABLE KEYS */;
UNLOCK TABLES;
commit;

--
-- Table structure for table `purchases`
--

DROP TABLE IF EXISTS `purchases`;
/*!40101 SET @saved_cs_client     = @@character_set_client */;
/*!40101 SET character_set_client = utf8mb4 */;
CREATE TABLE `purchases` (
  `purchase_id` int(11) NOT NULL AUTO_INCREMENT,
  `supplier_id` int(11) NOT NULL,
  `purchase_date` datetime DEFAULT current_timestamp(),
  `total_amount` decimal(10,2) NOT NULL DEFAULT 0.00,
  `status` tinyint(1) DEFAULT 0,
  `description` varchar(250) DEFAULT NULL,
  `user_id` int(11) NOT NULL,
  PRIMARY KEY (`purchase_id`),
  KEY `supplier_id` (`supplier_id`),
  CONSTRAINT `purchases_ibfk_1` FOREIGN KEY (`supplier_id`) REFERENCES `suppliers` (`supplier_id`)
) ENGINE=InnoDB AUTO_INCREMENT=88 DEFAULT CHARSET=utf8mb4 COLLATE=utf8mb4_uca1400_ai_ci;
/*!40101 SET character_set_client = @saved_cs_client */;

--
-- Dumping data for table `purchases`
--

LOCK TABLES `purchases` WRITE;
/*!40000 ALTER TABLE `purchases` DISABLE KEYS */;
set autocommit=0;
INSERT INTO `purchases` VALUES
(58,1,'2025-10-08 10:58:31',10000.00,1,'La ville',1),
(60,16,'2025-10-09 14:37:58',3960.00,1,'Optilla',1),
(63,18,'2025-10-12 10:19:39',2200.00,1,'Vanille',1),
(64,17,'2025-10-13 15:06:00',49570.00,1,'جمال',1),
(65,19,'2025-10-15 14:35:12',1330.00,1,'عجينة السكر',1),
(70,20,'2025-10-16 19:30:06',20749.92,1,'Prod.patt.mounia',1),
(72,1,'2025-10-16 20:21:59',1388.20,1,'AddError',1),
(78,21,'2025-10-22 14:14:01',13890.00,0,'',1),
(79,1,'2025-10-22 15:36:12',4100.00,1,'Error',1),
(80,21,'2025-10-23 11:39:35',15950.00,1,'مستلزمات ناقصة',1),
(81,22,'2025-10-26 10:25:57',2256.00,1,'Oplinne',1),
(82,1,'2025-11-01 15:08:27',39476.10,1,'',1),
(83,1,'2025-11-01 17:03:05',4320.00,1,'Test',1),
(85,24,'2025-11-22 18:22:54',20825.00,0,NULL,2),
(86,25,'2025-11-22 18:23:21',20825.00,0,NULL,2),
(87,26,'2025-11-22 18:37:10',20825.00,0,NULL,2);
/*!40000 ALTER TABLE `purchases` ENABLE KEYS */;
UNLOCK TABLES;
commit;

--
-- Table structure for table `sale_items`
--

DROP TABLE IF EXISTS `sale_items`;
/*!40101 SET @saved_cs_client     = @@character_set_client */;
/*!40101 SET character_set_client = utf8mb4 */;
CREATE TABLE `sale_items` (
  `item_id` int(11) NOT NULL AUTO_INCREMENT,
  `sale_id` int(11) DEFAULT NULL,
  `product_id` int(11) DEFAULT NULL,
  `quantity` int(11) DEFAULT 0,
  `unit_price` decimal(10,2) DEFAULT NULL,
  `description` varchar(255) DEFAULT NULL,
  `profit` decimal(10,2) DEFAULT 0.00,
  `quantity_float` decimal(10,3) DEFAULT 0.000,
  PRIMARY KEY (`item_id`),
  KEY `sale_id` (`sale_id`),
  KEY `sale_items_ibfk_2` (`product_id`),
  CONSTRAINT `sale_items_ibfk_1` FOREIGN KEY (`sale_id`) REFERENCES `sales` (`sale_id`),
  CONSTRAINT `sale_items_ibfk_2` FOREIGN KEY (`product_id`) REFERENCES `products` (`product_id`) ON DELETE SET NULL
) ENGINE=InnoDB AUTO_INCREMENT=2417 DEFAULT CHARSET=utf8mb4 COLLATE=utf8mb4_uca1400_ai_ci;
/*!40101 SET character_set_client = @saved_cs_client */;

--
-- Dumping data for table `sale_items`
--

LOCK TABLES `sale_items` WRITE;
/*!40000 ALTER TABLE `sale_items` DISABLE KEYS */;
set autocommit=0;
INSERT INTO `sale_items` VALUES
(233,221,NULL,1,260.00,NULL,0.00,1.000),
(234,221,NULL,1,250.00,NULL,0.00,1.000),
(235,221,NULL,1,200.00,NULL,0.00,1.000),
(236,221,NULL,1,50.00,NULL,0.00,1.000),
(237,222,NULL,1,160.00,NULL,0.00,1.000),
(238,222,NULL,8,17.00,NULL,0.00,8.000),
(239,222,NULL,1,100.00,NULL,0.00,1.000),
(242,226,NULL,3,10.00,NULL,0.00,3.000),
(243,226,NULL,1,230.00,NULL,0.00,1.000),
(244,228,NULL,1,160.00,NULL,0.00,1.000),
(245,228,NULL,6,7.50,NULL,0.00,6.000),
(246,229,NULL,5,25.00,NULL,0.00,5.000),
(247,229,NULL,1,100.00,NULL,0.00,1.000),
(249,233,NULL,1,50.00,NULL,0.00,1.000),
(265,240,NULL,1,2400.00,NULL,0.00,1.000),
(266,240,NULL,1,230.00,NULL,0.00,1.000),
(267,240,NULL,1,1300.00,NULL,0.00,1.000),
(268,240,NULL,2,90.00,NULL,0.00,2.000),
(269,240,NULL,2,80.00,NULL,0.00,2.000),
(270,240,NULL,1,90.00,NULL,0.00,1.000),
(271,241,NULL,1,750.00,NULL,0.00,1.000),
(272,242,NULL,1,60.00,NULL,0.00,1.000),
(273,243,NULL,6,320.00,NULL,0.00,6.000),
(274,247,NULL,1,2714.00,NULL,0.00,1.000),
(275,249,NULL,1,130.00,NULL,0.00,1.000),
(276,250,NULL,10,17.00,NULL,0.00,10.000),
(277,250,NULL,3,110.00,NULL,0.00,3.000),
(278,250,NULL,6,7.50,NULL,0.00,6.000),
(279,250,NULL,1,120.00,NULL,0.00,1.000),
(280,250,NULL,1,50.00,NULL,0.00,1.000),
(281,251,NULL,1,100.00,NULL,0.00,1.000),
(282,252,NULL,1,20.00,NULL,0.00,1.000),
(283,255,NULL,10,10.00,NULL,0.00,10.000),
(284,257,NULL,1,100.00,NULL,0.00,1.000),
(285,258,NULL,1,200.00,NULL,0.00,1.000),
(286,259,NULL,1,650.00,NULL,0.00,1.000),
(287,260,NULL,1,120.00,NULL,0.00,1.000),
(288,260,NULL,1,150.00,NULL,0.00,1.000),
(289,260,NULL,1,80.00,NULL,0.00,1.000),
(290,260,NULL,1,140.00,NULL,0.00,1.000),
(291,262,NULL,1,810.00,NULL,0.00,1.000),
(292,263,NULL,1,110.00,NULL,0.00,1.000),
(293,263,NULL,2,50.00,NULL,0.00,2.000),
(294,263,NULL,1,280.00,NULL,0.00,1.000),
(295,264,NULL,1,100.00,NULL,0.00,1.000),
(296,265,NULL,6,320.00,NULL,0.00,6.000),
(297,266,NULL,1,120.00,NULL,0.00,1.000),
(298,268,NULL,1,120.00,NULL,0.00,1.000),
(299,269,NULL,1,85.00,NULL,0.00,1.000),
(300,270,NULL,2,130.00,NULL,0.00,2.000),
(301,270,NULL,1,110.00,NULL,0.00,1.000),
(302,271,NULL,2,120.00,NULL,0.00,2.000),
(303,271,NULL,2,30.00,NULL,0.00,2.000),
(304,272,NULL,2,7.50,NULL,0.00,2.000),
(305,272,NULL,1,100.00,NULL,0.00,1.000),
(306,272,NULL,1,100.00,NULL,0.00,1.000),
(307,273,NULL,1,60.00,NULL,0.00,1.000),
(308,274,NULL,2,180.00,NULL,0.00,2.000),
(309,274,NULL,1,120.00,NULL,0.00,1.000),
(310,274,NULL,1,120.00,NULL,0.00,1.000),
(311,275,NULL,1,50.00,NULL,0.00,1.000),
(312,276,NULL,1,100.00,NULL,0.00,1.000),
(313,276,NULL,1,110.00,NULL,0.00,1.000),
(314,278,NULL,1,200.00,NULL,0.00,1.000),
(315,279,NULL,1,50.00,NULL,0.00,1.000),
(316,279,NULL,1,50.00,NULL,0.00,1.000),
(317,280,NULL,1,100.00,NULL,0.00,1.000),
(318,281,NULL,1,100.00,NULL,0.00,1.000),
(319,282,NULL,1,200.00,NULL,0.00,1.000),
(320,282,NULL,1,100.00,NULL,0.00,1.000),
(321,284,NULL,2,50.00,NULL,0.00,2.000),
(322,285,NULL,3,650.00,NULL,0.00,3.000),
(323,286,NULL,4,17.00,NULL,0.00,4.000),
(324,286,NULL,1,160.00,NULL,0.00,1.000),
(325,286,NULL,1,50.00,NULL,0.00,1.000),
(326,286,NULL,1,200.00,NULL,0.00,1.000),
(327,288,NULL,1,200.00,NULL,0.00,1.000),
(328,288,NULL,1,200.00,NULL,0.00,1.000),
(329,288,NULL,1,500.00,NULL,0.00,1.000),
(330,288,NULL,1,100.00,NULL,0.00,1.000),
(331,289,NULL,1,650.00,NULL,0.00,1.000),
(332,289,NULL,1,120.00,NULL,0.00,1.000),
(333,289,NULL,1,100.00,NULL,0.00,1.000),
(334,290,NULL,1,20.00,NULL,0.00,1.000),
(335,291,NULL,5,10.00,NULL,0.00,5.000),
(336,292,NULL,1,50.00,NULL,0.00,1.000),
(337,292,NULL,1,450.00,NULL,0.00,1.000),
(338,292,NULL,1,100.00,NULL,0.00,1.000),
(339,292,NULL,1,150.00,NULL,0.00,1.000),
(340,292,NULL,1,150.00,NULL,0.00,1.000),
(341,292,NULL,1,150.00,NULL,0.00,1.000),
(342,294,NULL,1,150.00,NULL,0.00,1.000),
(343,295,NULL,1,200.00,NULL,0.00,1.000),
(344,296,NULL,2,110.00,NULL,0.00,2.000),
(345,296,NULL,1,400.00,NULL,0.00,1.000),
(346,297,NULL,1,725.00,NULL,0.00,1.000),
(347,298,NULL,1,220.00,NULL,0.00,1.000),
(348,299,NULL,1,745.00,NULL,0.00,1.000),
(349,299,NULL,6,320.00,NULL,0.00,6.000),
(350,299,NULL,1,35.00,NULL,0.00,1.000),
(351,300,NULL,1,100.00,NULL,0.00,1.000),
(352,301,NULL,1,80.00,NULL,0.00,1.000),
(353,301,NULL,1,60.00,NULL,0.00,1.000),
(354,301,NULL,1,110.00,NULL,0.00,1.000),
(355,301,NULL,10,7.50,NULL,0.00,10.000),
(356,301,NULL,1,100.00,NULL,0.00,1.000),
(357,301,NULL,1,95.00,NULL,0.00,1.000),
(358,301,NULL,1,200.00,NULL,0.00,1.000),
(359,301,NULL,1,1150.00,NULL,0.00,1.000),
(360,301,NULL,1,280.00,NULL,0.00,1.000),
(361,302,NULL,1,130.00,NULL,0.00,1.000),
(362,303,NULL,3,100.00,NULL,0.00,3.000),
(363,303,NULL,2,10.00,NULL,0.00,2.000),
(364,304,NULL,1,230.00,NULL,0.00,1.000),
(365,305,NULL,1,650.00,NULL,0.00,1.000),
(366,306,NULL,1,270.00,NULL,0.00,1.000),
(367,307,NULL,1,100.00,NULL,0.00,1.000),
(371,314,NULL,1,300.00,'كاكاو',0.00,1.000),
(372,314,NULL,1,300.00,'جوز',0.00,1.000),
(373,314,NULL,1,400.00,'شانتيي',0.00,1.000),
(374,314,NULL,1,300.00,'غلاساج مرجان',0.00,1.000),
(375,315,NULL,1,200.00,'جوز',0.00,1.000),
(376,316,NULL,4,650.00,'زيت ل5',0.00,4.000),
(377,316,NULL,1,450.00,'بانس تاع بطاطا',0.00,1.000),
(378,316,NULL,1,930.00,'فاردو سكر',0.00,1.000),
(379,316,NULL,4,120.00,'غوبلي شفاف',0.00,4.000),
(380,317,NULL,1,100.00,'جوز',0.00,1.000),
(381,318,NULL,1,950.00,'بواتات رايب صغار',0.00,1.000),
(382,319,NULL,1,100.00,'خميرة13',0.00,1.000),
(384,321,NULL,1,650.00,'زيت',0.00,1.000),
(386,323,NULL,2,50.00,'كيسات فضي صغار',0.00,2.000),
(387,324,NULL,1,20.00,'دونتال بيوضا',0.00,1.000),
(388,325,NULL,1,95.00,'سكر',0.00,1.000),
(389,325,NULL,1,130.00,'ملون بني',0.00,1.000),
(390,326,NULL,1,100.00,'عطر الليموتن',0.00,1.000),
(391,327,NULL,2,95.00,'زبدة فلوريال',0.00,2.000),
(392,327,NULL,1,200.00,'عسل ١كغ',0.00,1.000),
(393,327,NULL,1,100.00,'مايزينة',0.00,1.000),
(394,327,NULL,1,50.00,'فانيلا',0.00,1.000),
(395,327,NULL,1,150.00,'حلوة الترك',0.00,1.000),
(396,328,NULL,1,30.00,'',0.00,1.000),
(397,329,NULL,1,90.00,'',0.00,1.000),
(398,330,NULL,2,40.00,'',0.00,2.000),
(399,331,NULL,2,110.00,'دونتال بيض 4.5',0.00,2.000),
(402,334,NULL,1,100.00,'Faux pistache',0.00,1.000),
(403,334,NULL,1,100.00,'دراجي',0.00,1.000),
(404,335,NULL,1,100.00,'',0.00,1.000),
(405,335,NULL,1,100.00,'',0.00,1.000),
(408,337,NULL,1,50.00,'كوردون',0.00,1.000),
(409,337,NULL,1,100.00,'دونتال ورق',0.00,1.000),
(410,338,NULL,7,30.00,'شفيافين بايط',0.00,7.000),
(411,339,NULL,1,650.00,' موول كحل للحاجة ناقص منو 200',0.00,1.000),
(412,339,NULL,1,350.00,'كريدي تاع الحاجة',0.00,1.000),
(413,342,NULL,1,100.00,'لوز ايفيلي',0.00,1.000),
(414,343,NULL,2,30.00,'بايط باتيسري 24',0.00,2.000),
(415,344,NULL,24,10.00,'موتيف عمرة',0.00,24.000),
(416,344,NULL,1,140.00,'سكر غلاسي',0.00,1.000),
(417,345,NULL,2,100.00,'بايط باتيسري كبار',0.00,2.000),
(418,345,NULL,10,10.00,'موتيف خاتم',0.00,10.000),
(419,346,NULL,1,190.00,'شانتيي',0.00,1.000),
(420,347,NULL,1,60.00,'موول حديد',0.00,1.000),
(421,347,NULL,1,150.00,'ورق صغار',0.00,1.000),
(422,347,NULL,1,150.00,'ملون ابيض سائل',0.00,1.000),
(423,347,NULL,1,240.00,'ناكري فضي',0.00,1.000),
(424,348,NULL,1,300.00,'جوز',0.00,1.000),
(425,348,NULL,1,300.00,'لوز ابيض',0.00,1.000),
(426,348,NULL,1,80.00,'مزهر',0.00,1.000),
(427,348,NULL,1,220.00,'قطايف',0.00,1.000),
(428,349,NULL,1,120.00,'سنيوة الف مبروك',0.00,1.000),
(429,349,NULL,2,30.00,'غلاف شفاف',0.00,2.000),
(430,349,NULL,1,40.00,'بابيون',0.00,1.000),
(431,349,NULL,1,80.00,'كتاب طبخ',0.00,1.000),
(432,350,NULL,12,10.00,'موتيف عمرة',0.00,12.000),
(433,351,NULL,1,120.00,'غرس',0.00,1.000),
(434,351,NULL,1,100.00,'لابال',0.00,1.000),
(435,352,NULL,1,145.00,'جوز',0.00,1.000),
(436,352,NULL,1,185.00,'بندق',0.00,1.000),
(437,352,NULL,1,270.00,'لوز',0.00,1.000),
(438,352,NULL,5,100.00,'Arome',0.00,5.000),
(439,353,NULL,1,300.00,'لوز',0.00,1.000),
(440,353,NULL,1,200.00,'جوز',0.00,1.000),
(442,355,NULL,1,140.00,'سكر غلاسي',0.00,1.000),
(443,355,NULL,1,200.00,'مارغارين ماني 500g',0.00,1.000),
(444,355,NULL,6,7.50,'ليفور',0.00,6.000),
(445,355,NULL,2,50.00,'كيسات مشوك فضي',0.00,2.000),
(446,355,NULL,1,200.00,'حلوة الترك',0.00,1.000),
(447,356,NULL,4,70.00,'ساشي كونجيلاسيون كبار',0.00,4.000),
(449,358,NULL,2,50.00,'كيسات سيجار',0.00,2.000),
(450,358,NULL,1,50.00,'كيسات بيوضا صغار',0.00,1.000),
(451,359,NULL,1,50.00,'Faux pistache',0.00,1.000),
(452,359,NULL,1,130.00,'دونتال عسلي 5.5',0.00,1.000),
(453,361,NULL,1,90.00,'فرينة سيم',0.00,1.000),
(454,361,NULL,1,85.00,'حلوة الترك',0.00,1.000),
(455,361,NULL,1,100.00,'6 بيض',0.00,1.000),
(456,361,NULL,1,90.00,'ماكاو',0.00,1.000),
(457,363,NULL,2,30.00,'سيلوفان',0.00,2.000),
(458,364,NULL,1,270.00,'',0.00,1.000),
(459,366,NULL,5,30.00,'بايط بلاستيك',0.00,5.000),
(460,366,NULL,35,10.00,'بايط رايب صغار',0.00,35.000),
(461,367,NULL,1,50.00,'غلاف',0.00,1.000),
(462,368,NULL,1,100.00,'لابال',0.00,1.000),
(463,369,NULL,1,95.00,'مارغارين فلوريال',0.00,1.000),
(464,370,NULL,1,95.00,'غوبلي اتاي',0.00,1.000),
(465,372,NULL,1,105.00,'Pistache',0.00,1.000),
(466,373,NULL,1,500.00,'بلاطو بيض',0.00,1.000),
(467,374,NULL,1,180.00,' ملةن بابيي',0.00,1.000),
(468,376,NULL,1,1800.00,'Cake set 4 parts مدوريين',0.00,1.000),
(469,376,NULL,1,200.00,'شانتيي',0.00,1.000),
(470,377,NULL,1,80.00,'مزهر',0.00,1.000),
(471,378,NULL,1,200.00,'',0.00,1.000),
(472,378,NULL,1,150.00,'',0.00,1.000),
(473,378,NULL,1,150.00,'',0.00,1.000),
(474,378,NULL,1,100.00,'',0.00,1.000),
(475,379,NULL,1,50.00,'كادو',0.00,1.000),
(476,380,NULL,1,300.00,'جوز',0.00,1.000),
(477,381,NULL,2,30.00,'بليط بلاستيك',0.00,2.000),
(478,382,NULL,1,100.00,'لوز ايفيلي',0.00,1.000),
(479,383,NULL,2,30.00,'بايط باتيسري 22',0.00,2.000),
(480,383,NULL,2,25.00,'حاشية ورد 2',0.00,2.000),
(481,384,NULL,1,480.00,'اسيات+طراشن',0.00,1.000),
(482,384,NULL,1,50.00,'بابيي كادو',0.00,1.000),
(483,385,NULL,5,110.00,'ورد عجينة السكر',0.00,5.000),
(484,386,NULL,1,85.00,'حلوة الترك',0.00,1.000),
(485,387,NULL,1,220.00,'صاك تاع كرتون',0.00,1.000),
(486,388,NULL,1,30.00,'دوري يربطو بيهم',0.00,1.000),
(487,389,NULL,1,30.00,'دوري يربطو بيهم',0.00,1.000),
(488,390,NULL,1,200.00,'حطب ايسكيمو',0.00,1.000),
(489,392,NULL,1,90.00,' اتاي غوبلي كبار',0.00,1.000),
(490,392,NULL,1,50.00,'نواة كوكو',0.00,1.000),
(491,393,NULL,1,80.00,'شابو',0.00,1.000),
(492,393,NULL,1,200.00,'نبولات',0.00,1.000),
(493,394,NULL,2,460.00,'كاوكاو',0.00,2.000),
(494,396,NULL,2,110.00,'مارغارين ماني',0.00,2.000),
(495,396,NULL,1,500.00,'جوز',0.00,1.000),
(496,396,NULL,1,100.00,'لافاني',0.00,1.000),
(497,399,NULL,1,100.00,'Faux pistache',0.00,1.000),
(498,400,NULL,1,250.00,'Pauche',0.00,1.000),
(499,400,NULL,2,100.00,'Doué',0.00,2.000),
(500,401,NULL,1,50.00,'لافاني',0.00,1.000),
(501,402,NULL,1,125.00,'مايزينة',0.00,1.000),
(502,402,NULL,10,10.00,'Pauche',0.00,10.000),
(504,404,NULL,1,100.00,'مايزينة',0.00,1.000),
(505,405,NULL,1,75.00,'جوز',0.00,1.000),
(506,406,NULL,2,320.00,'فرينة ماما',0.00,2.000),
(507,407,NULL,2,110.00,'نابغون',0.00,2.000),
(508,408,NULL,2,100.00,'صغار بايط حمورا',0.00,2.000),
(509,408,NULL,3,140.00,'بايط حمورا كبار',0.00,3.000),
(511,410,NULL,1,100.00,'Faux pistache',0.00,1.000),
(512,411,NULL,1,150.00,'شانتيي',0.00,1.000),
(513,411,NULL,1,10.00,'Pauche',0.00,1.000),
(514,412,NULL,1,110.00,'نابغون عسلي صغير',0.00,1.000),
(515,412,NULL,1,30.00,'يربطو بيه ساشيات دوري',0.00,1.000),
(516,413,NULL,1,50.00,'بابيي كادو',0.00,1.000),
(517,414,NULL,1,95.00,'كيلو سكر',0.00,1.000),
(518,415,NULL,6,320.00,'فرينة ماما',0.00,6.000),
(519,415,NULL,1,90.00,'سكر',0.00,1.000),
(520,415,NULL,1,650.00,' 5l زيت',0.00,1.000),
(521,416,NULL,10,17.00,'باطات 12',0.00,10.000),
(522,416,NULL,10,12.00,'باطات 8',0.00,10.000),
(523,417,NULL,5,30.00,'بايط 22',0.00,5.000),
(524,418,NULL,1,100.00,'اسيد',0.00,1.000),
(525,419,NULL,1,250.00,'ساشي ماييس',0.00,1.000),
(526,420,NULL,1,250.00,'جوز',0.00,1.000),
(527,420,NULL,1,50.00,'اسيد_١٠٠غ',0.00,1.000),
(528,421,NULL,1,200.00,'اغروديف',0.00,1.000),
(529,422,NULL,1,450.00,'باطات طمينة',0.00,1.000),
(530,423,NULL,1,300.00,'',0.00,1.000),
(531,423,NULL,1,200.00,'نبولات',0.00,1.000),
(532,424,NULL,1,130.00,'Candia',0.00,1.000),
(533,424,NULL,2,10.00,'Pauche',0.00,2.000),
(534,424,NULL,1,70.00,'6بيض',0.00,1.000),
(535,424,NULL,1,140.00,'Optilla',0.00,1.000),
(536,425,NULL,1,230.00,'Glacage التاج',0.00,1.000),
(537,426,NULL,1,250.00,'Glacage pandas',0.00,1.000),
(538,426,NULL,1,150.00,'شانتيي',0.00,1.000),
(539,427,NULL,1,600.00,'باطات طكينة وردي',0.00,1.000),
(540,427,NULL,1,250.00,' دوري مغارف',0.00,1.000),
(541,427,NULL,1,150.00,'حلوة الترك',0.00,1.000),
(543,429,NULL,1,400.00,'كرتونة كبيرة',0.00,1.000),
(544,433,NULL,1,40.00,'',0.00,1.000),
(545,434,NULL,1,30.00,'باطة 22',0.00,1.000),
(546,437,NULL,1,100.00,'سنيوة كرتون ذهبية',0.00,1.000),
(547,437,NULL,1,300.00,'كاوكاو ابيض',0.00,1.000),
(548,437,NULL,1,130.00,'سكر غلاسي',0.00,1.000),
(549,437,NULL,1,350.00,'شيكولة دادا بيضة',0.00,1.000),
(550,437,NULL,1,70.00,'غوبلي قهوة صغار',0.00,1.000),
(551,437,NULL,1,100.00,'لابال صغيرة',0.00,1.000),
(552,437,NULL,1,190.00,'لابال 500g',0.00,1.000),
(553,437,NULL,2,50.00,'كيسات بنيوز',0.00,2.000),
(554,437,NULL,1,160.00,'معجون',0.00,1.000),
(555,437,NULL,1,100.00,'عطر اللوز',0.00,1.000),
(556,438,NULL,1,60.00,'كيسات بقلاوة',0.00,1.000),
(557,439,NULL,1,100.00,'كاوكاو ايفيلي',0.00,1.000),
(558,440,NULL,1,200.00,'شانتيي',0.00,1.000),
(559,441,NULL,1,100.00,'شاربات امولسيون',0.00,1.000),
(560,442,NULL,1,250.00,'Tools',0.00,1.000),
(561,443,NULL,1,500.00,'شانتيي',0.00,1.000),
(562,443,NULL,1,200.00,'كاكاو بني',0.00,1.000),
(563,444,NULL,1,125.00,'دراجي',0.00,1.000),
(564,445,NULL,1,100.00,'جوز',0.00,1.000),
(566,447,NULL,1,300.00,'فارميسال شيكولة',0.00,1.000),
(567,447,NULL,2,50.00,'كيسات بيوضا 10',0.00,2.000),
(568,448,NULL,1,95.00,'فلوريال',0.00,1.000),
(569,448,NULL,1,120.00,'شيكولة excelence',0.00,1.000),
(570,449,NULL,1,20.00,'لوز',0.00,1.000),
(571,450,NULL,1,200.00,'كاوكاو ايفيلي',0.00,1.000),
(572,451,NULL,1,90.00,'عطر اللوز',0.00,1.000),
(573,452,NULL,1,180.00,'موول بلاستيك عجينة السكر',0.00,1.000),
(574,452,NULL,1,350.00,'تيلوز',0.00,1.000),
(575,452,NULL,1,150.00,'عجينة السكر',0.00,1.000),
(576,452,NULL,1,130.00,'ملون بنفسجي',0.00,1.000),
(577,453,NULL,1,80.00,'مزهر',0.00,1.000),
(578,453,NULL,1,140.00,'سكر غلاسي مرجات',0.00,1.000),
(579,454,NULL,1,100.00,'لافاني',0.00,1.000),
(580,454,NULL,1,210.00,'كاوكاو ابيض',0.00,1.000),
(581,454,NULL,1,200.00,'جوز',0.00,1.000),
(582,454,NULL,1,60.00,'كيسات فضي مدورين كبار',0.00,1.000),
(583,454,NULL,1,130.00,'دونتال عسلي',0.00,1.000),
(584,454,NULL,1,280.00,'سمن مدينة 250g ',0.00,1.000),
(585,455,NULL,1,200.00,'جوز',0.00,1.000),
(586,456,NULL,1,700.00,'ساشيات',0.00,1.000),
(588,458,NULL,1,230.00,'التاج بيضاء',0.00,1.000),
(590,460,NULL,1,100.00,'جوز',0.00,1.000),
(591,461,NULL,1,150.00,'غوبلي',0.00,1.000),
(592,462,NULL,1,130.00,'ملون اصفر',0.00,1.000),
(594,482,NULL,1,90.00,'ماكاو',0.00,1.000),
(595,482,NULL,1,200.00,'لوز احمر',0.00,1.000),
(596,482,NULL,1,200.00,'غلاساج شوكاس',0.00,1.000),
(597,482,NULL,1,140.00,'Optilla',0.00,1.000),
(598,482,NULL,1,280.00,'سمن مدينة 500غ',0.00,1.000),
(599,482,NULL,1,100.00,'جوز',0.00,1.000),
(600,482,NULL,1,50.00,'كيسات 10',0.00,1.000),
(601,482,NULL,1,150.00,'حلوة الترك',0.00,1.000),
(602,482,NULL,1,120.00,'قاطو بيمو',0.00,1.000),
(606,495,NULL,3,70.00,'كونجيلاسيون كبار',0.00,3.000),
(607,497,NULL,1,120.00,'عسل 500غ',0.00,1.000),
(608,497,NULL,1,240.00,'توفيا كراميل',0.00,1.000),
(609,499,NULL,1,150.00,'المنيوم فرن',0.00,1.000),
(610,501,NULL,1,120.00,'قوفريط بيمو',0.00,1.000),
(611,502,NULL,1,60.00,'باطات',0.00,1.000),
(612,503,NULL,1,150.00,'شانتيي',0.00,1.000),
(613,503,NULL,1,80.00,'ورق الطبخ',0.00,1.000),
(614,504,NULL,2,30.00,'دوري ليربطو بيهم ',0.00,2.000),
(615,505,NULL,1,200.00,'مارغارين ماني',0.00,1.000),
(616,505,NULL,1,90.00,'فرينة سيم',0.00,1.000),
(617,505,NULL,1,150.00,'كاكاو',0.00,1.000),
(618,505,NULL,1,50.00,'مايزينة',0.00,1.000),
(619,505,NULL,4,7.50,'خميرة',0.00,4.000),
(620,506,NULL,2,130.00,'دونتال عسلي 5.5',0.00,2.000),
(621,506,NULL,2,70.00,'كيسات بقلاوة',0.00,2.000),
(622,507,NULL,1,200.00,'نابغون احمر',0.00,1.000),
(623,508,NULL,1,10.00,'بيض',0.00,1.000),
(624,508,NULL,1,140.00,'Optilla',0.00,1.000),
(625,508,NULL,1,50.00,'كاكاو',0.00,1.000),
(626,508,NULL,1,50.00,'7 خمارة',0.00,1.000),
(627,509,NULL,1,200.00,'',0.00,1.000),
(628,509,NULL,1,100.00,'',0.00,1.000),
(629,509,NULL,1,100.00,'مايزينة',0.00,1.000),
(630,509,NULL,1,160.00,'كاكاو',0.00,1.000),
(631,509,NULL,1,45.00,'كاوكاو ايفيلي',0.00,1.000),
(632,509,NULL,1,40.00,'',0.00,1.000),
(633,510,NULL,1,50.00,'Serviette',0.00,1.000),
(634,511,NULL,1,20.00,'كاكاو',0.00,1.000),
(635,512,NULL,5,20.00,'',0.00,5.000),
(636,513,NULL,3,60.00,'كيسات هلال',0.00,3.000),
(637,515,NULL,1,200.00,'ناكري فضي',0.00,1.000),
(638,516,NULL,1,50.00,'كاوكاو',0.00,1.000),
(639,517,NULL,1,230.00,'Optilla 350g',0.00,1.000),
(640,518,NULL,1,50.00,'اسيد',0.00,1.000),
(641,519,NULL,1,60.00,'ساشيات باكي',0.00,1.000),
(642,520,NULL,3,60.00,'كيسات بقلاوة',0.00,3.000),
(643,521,NULL,1,70.00,'ساشي كونيلاسيون كبار',0.00,1.000),
(644,522,NULL,1,100.00,'Serviette king',0.00,1.000),
(645,523,NULL,1,100.00,'شانتيي',0.00,1.000),
(646,523,NULL,1,100.00,'كاكاو',0.00,1.000),
(647,523,NULL,1,100.00,'نواة كوكو',0.00,1.000),
(648,523,NULL,1,220.00,'قطايف محمصين',0.00,1.000),
(649,523,NULL,2,50.00,'كيسات دونتال',0.00,2.000),
(650,523,NULL,1,130.00,'دونتال وردي',0.00,1.000),
(651,524,NULL,1,100.00,'كاكاو',0.00,1.000),
(652,524,NULL,1,100.00,'نواة كوكو',0.00,1.000),
(653,525,NULL,1,20.00,'كاكاو',0.00,1.000),
(654,526,NULL,1,150.00,'زبدة اوبلين 250غ',0.00,1.000),
(655,527,NULL,1,50.00,'كردون',0.00,1.000),
(656,530,NULL,1,300.00,'نواة كوكو',0.00,1.000),
(657,531,NULL,1,50.00,'مايزينة',0.00,1.000),
(658,532,NULL,2,250.00,'غلاساج باندا',0.00,2.000),
(659,533,NULL,1,250.00,'بوبال باكي',0.00,1.000),
(660,535,NULL,1,100.00,'شانتيي',0.00,1.000),
(661,536,NULL,1,300.00,'غلاساج مورجان',0.00,1.000),
(662,536,NULL,1,90.00,'فرينة سيم',0.00,1.000),
(663,537,NULL,1,100.00,'باطة كبيرة',0.00,1.000),
(664,538,NULL,3,60.00,'كيسات زروقة',0.00,3.000),
(665,538,NULL,1,50.00,'فانيل',0.00,1.000),
(666,538,NULL,1,100.00,'مايزينة',0.00,1.000),
(667,538,NULL,1,100.00,'كاكاو',0.00,1.000),
(668,538,NULL,1,20.00,'3 خمارة',0.00,1.000),
(669,538,NULL,1,95.00,'سكر',0.00,1.000),
(670,539,NULL,1,200.00,'اغروديف',0.00,1.000),
(671,540,NULL,1,360.00,'شيكولة دادا',0.00,1.000),
(672,541,NULL,1,200.00,'مغارف ميزان',0.00,1.000),
(673,542,NULL,1,25.00,'لوز',0.00,1.000),
(674,543,NULL,1,250.00,'ساشي بوبال',0.00,1.000),
(675,544,NULL,1,60.00,'كيسات مقروط',0.00,1.000),
(678,546,NULL,1,200.00,'لوز ايفيلي',0.00,1.000),
(679,547,NULL,1,50.00,'لافاني',0.00,1.000),
(680,548,NULL,1,70.00,'غوبلي قهوة صغير',0.00,1.000),
(681,549,NULL,1,140.00,'Optilla',0.00,1.000),
(682,550,NULL,1,110.00,'مارغارين ماني',0.00,1.000),
(683,552,NULL,15,9.00,'موتيف',0.00,15.000),
(684,552,NULL,1,50.00,'كيسات دةنتال',0.00,1.000),
(685,552,NULL,1,10.00,'Pauche',0.00,1.000),
(686,553,NULL,1,200.00,'ناكري فضي',0.00,1.000),
(687,554,NULL,1,80.00,'باطة باتيسري',0.00,1.000),
(688,555,NULL,1,60.00,'كيسات بقلاوة',0.00,1.000),
(689,555,NULL,1,130.00,'دونتال عسلي',0.00,1.000),
(690,556,NULL,1,550.00,'باطة كبيرة',0.00,1.000),
(691,556,NULL,1,50.00,'كيسات دونتا',0.00,1.000),
(692,557,NULL,1,850.00,'مرجان بيضة',0.00,1.000),
(693,557,NULL,1,210.00,'Pate pistache',0.00,1.000),
(694,558,NULL,1,200.00,'غلاساج وجدان',0.00,1.000),
(695,558,NULL,1,100.00,'كاوكاو',0.00,1.000),
(696,558,NULL,1,60.00,'كيسات',0.00,1.000),
(697,559,NULL,1,200.00,'افروديف',0.00,1.000),
(698,560,NULL,1,50.00,'جيلاتين',0.00,1.000),
(699,561,NULL,1,160.00,'اسيات جوتابل',0.00,1.000),
(700,561,NULL,1,250.00,'ساشي طباسا',0.00,1.000),
(701,562,NULL,1,100.00,'بيستاش',0.00,1.000),
(702,562,NULL,1,300.00,'لوز ابيض',0.00,1.000),
(703,562,NULL,1,100.00,'لوز احمر',0.00,1.000),
(704,562,NULL,1,120.00,'كيسات تمى',0.00,1.000),
(705,563,NULL,1,200.00,'لوز ايفيلي',0.00,1.000),
(706,564,NULL,1,90.00,'فرينة سيم',0.00,1.000),
(707,565,NULL,1,95.00,'سكر',0.00,1.000),
(708,565,NULL,4,7.50,'Levure',0.00,4.000),
(709,566,NULL,1,160.00,'معجون مشماش',0.00,1.000),
(710,566,NULL,1,100.00,'13 خمارة',0.00,1.000),
(711,567,NULL,1,340.00,'38 موتيف عمرة',0.00,1.000),
(716,569,NULL,1,1200.00,'لوز ابيض',0.00,1.000),
(717,569,NULL,2,130.00,'سكر غلاسي ازرق',0.00,2.000),
(718,569,NULL,1,200.00,'مارغارين ماني',0.00,1.000),
(719,569,NULL,1,90.00,'فرينة سيم',0.00,1.000),
(720,570,NULL,1,80.00,'المنيوم باطة كبيرة',0.00,1.000),
(721,571,NULL,1,220.00,'قالب cuisson كبير',0.00,1.000),
(725,588,NULL,1,80.00,'نبولة ارقام',0.00,1.000),
(726,589,NULL,4,30.00,'باطة باتيسري 22',0.00,4.000),
(730,595,NULL,4,150.00,'ورد عجينة السكر ',0.00,4.000),
(731,596,NULL,1,100.00,'Serviette',0.00,1.000),
(732,597,NULL,1,50.00,'مايزينة',0.00,1.000),
(733,597,NULL,2,7.50,'خمارة',0.00,2.000),
(734,598,NULL,1,200.00,'شانتيي',0.00,1.000),
(735,599,NULL,1,50.00,'بابيي',0.00,1.000),
(736,600,NULL,1,50.00,'لافاتي',0.00,1.000),
(737,600,NULL,2,10.00,'موتيف الف مبروك التخرج',0.00,2.000),
(738,601,NULL,1,350.00,'Foué',0.00,1.000),
(739,602,NULL,1,250.00,'Pistache',0.00,1.000),
(740,603,NULL,4,190.00,'لابال',0.00,4.000),
(741,603,NULL,3,90.00,'فرينة سيم',0.00,3.000),
(742,603,NULL,1,200.00,'عسل',0.00,1.000),
(743,603,NULL,1,160.00,'معجون',0.00,1.000),
(744,603,NULL,2,90.00,'ماكاو',0.00,2.000),
(745,603,NULL,0,420.00,'كاوكاو',0.00,0.000),
(746,603,NULL,1,200.00,'لوز',0.00,1.000),
(747,603,NULL,1,100.00,'كاكاو',0.00,1.000),
(748,603,NULL,10,7.50,'خمارة',0.00,10.000),
(749,603,NULL,0,100.00,'عقاش فضي',0.00,0.000),
(750,603,NULL,4,10.00,'Pauche',0.00,4.000),
(751,603,NULL,2,260.00,'وجدان',0.00,2.000),
(752,603,NULL,1,200.00,'وجدان نوازات',0.00,1.000),
(753,604,NULL,4,7.50,'خمارة',0.00,4.000),
(754,605,NULL,5,10.00,'Pauche',0.00,5.000),
(755,607,NULL,4,35.00,'كيسات بيوضا',0.00,4.000),
(756,608,NULL,1,210.00,'ضكاوكاو ابي',0.00,1.000),
(757,608,NULL,2,140.00,'سكر غلاسي مرجان',0.00,2.000),
(758,608,NULL,1,100.00,'لافاني',0.00,1.000),
(759,608,NULL,20,9.00,'موتيف',0.00,20.000),
(760,609,NULL,1,200.00,'بيتاش مالح',0.00,1.000),
(761,610,NULL,1,260.00,'وجدان غلاساج',0.00,1.000),
(762,611,NULL,1,120.00,'عسل المرجات',0.00,1.000),
(763,611,NULL,1,95.00,'فلوريال',0.00,1.000),
(764,611,NULL,1,90.00,'فرينة سيم',0.00,1.000),
(765,611,NULL,1,100.00,'لوز احمر',0.00,1.000),
(766,612,NULL,13,20.00,'باطات باتيري 22',0.00,13.000),
(767,612,NULL,2,50.00,'كيسات بيوضا',0.00,2.000),
(768,613,NULL,1,50.00,'فرميسال ملونة',0.00,1.000),
(769,613,NULL,1,120.00,'عسل المرجان 500g',0.00,1.000),
(770,614,NULL,2,100.00,'حاشية',0.00,2.000),
(771,615,NULL,2,50.00,'كيسات دونتال',0.00,2.000),
(772,616,NULL,1,140.00,'غوبلي شفاف',0.00,1.000),
(773,617,NULL,1,80.00,'طوابع صابلي',0.00,1.000),
(774,618,NULL,1,30.00,'مايزينة',0.00,1.000),
(775,618,NULL,4,7.50,'خمارة',0.00,4.000),
(776,618,NULL,0,0.00,'',0.00,0.000),
(777,618,NULL,1,90.00,'فرينة سيم',0.00,1.000),
(778,620,NULL,1,100.00,'مارغارين لابال',0.00,1.000),
(779,621,NULL,1,60.00,'كيسات فضي',0.00,1.000),
(780,622,NULL,3,30.00,'بايط بلاستيك',0.00,3.000),
(781,623,NULL,1,100.00,'سنيوة',0.00,1.000),
(782,626,NULL,1,100.00,'عطر الموز',0.00,1.000),
(783,627,NULL,2,50.00,'كيسات',0.00,2.000),
(784,628,NULL,1,60.00,'كيسات بيوضا كبار',0.00,1.000),
(785,629,NULL,1,200.00,'كاوكاو ايفيلي',0.00,1.000),
(786,630,NULL,1,100.00,'مارغارين لابال',0.00,1.000),
(787,630,NULL,1,95.00,'مارغارين فلوريال',0.00,1.000),
(788,630,NULL,1,120.00,'عسل رطل',0.00,1.000),
(789,630,NULL,2,90.00,'فرينة سيم',0.00,2.000),
(790,630,NULL,2,50.00,'كيسات دووري',0.00,2.000),
(791,630,NULL,1,300.00,'كاوكاو ابيض',0.00,1.000),
(792,630,NULL,2,7.50,'خمارة',0.00,2.000),
(793,630,NULL,1,50.00,'مايزينة',0.00,1.000),
(794,631,NULL,10,110.00,'سنيوات ذهبية',0.00,10.000),
(795,632,NULL,4,50.00,'ورد',0.00,4.000),
(796,632,NULL,1,130.00,'حطبة كبيرة مربعة',0.00,1.000),
(797,632,NULL,1,100.00,'باطة حمورا',0.00,1.000),
(798,633,NULL,1,30.00,'باطة باتيسري 22',0.00,1.000),
(799,634,NULL,1,50.00,'كيسات فضي',0.00,1.000),
(800,634,NULL,1,130.00,'دونتال 5 5',0.00,1.000),
(801,634,NULL,4,10.00,'Pauche',0.00,4.000),
(802,635,NULL,4,7.50,'ليفور',0.00,4.000),
(803,635,NULL,1,50.00,'كيسات فضي',0.00,1.000),
(804,636,NULL,4,90.00,'فرينة سيم',0.00,4.000),
(805,636,NULL,1,95.00,'فلوريال',0.00,1.000),
(806,636,NULL,2,200.00,'عسل 1kg',0.00,2.000),
(807,636,NULL,1,130.00,'سكر غلاسي',0.00,1.000),
(808,636,NULL,1,450.00,'سمن مدينة',0.00,1.000),
(809,636,NULL,10,7.50,'ليفور',0.00,10.000),
(810,636,NULL,1,100.00,'مايزينة',0.00,1.000),
(811,636,NULL,1,50.00,'كيسات',0.00,1.000),
(812,638,NULL,1,400.00,'فرينة سيم 5 كغ',0.00,1.000),
(813,638,NULL,1,230.00,'امباسادور',0.00,1.000),
(814,639,NULL,1,50.00,'؟',0.00,1.000),
(815,640,NULL,1,400.00,'Plato 8',0.00,1.000),
(816,640,NULL,1,50.00,'كيسات بيوضا',0.00,1.000),
(817,640,NULL,1,110.00,'دونتال ذهبي',0.00,1.000),
(818,640,NULL,0,50.00,'',0.00,0.000),
(819,641,NULL,2,260.00,'وجدان كحلة',0.00,2.000),
(820,643,NULL,1,150.00,'موتيف عجينة السكر',0.00,1.000),
(821,643,NULL,2,120.00,'موتيف عجينة السكر',0.00,2.000),
(822,643,NULL,1,50.00,'كوردون',0.00,1.000),
(823,646,NULL,1,230.00,'شيكولة ستةري',0.00,1.000),
(824,647,NULL,1,250.00,'غلاساج pandas',0.00,1.000),
(825,648,NULL,1,100.00,'باطة حمرا صغيرة',0.00,1.000),
(826,649,NULL,2,100.00,'سنيوات',0.00,2.000),
(827,650,NULL,1,100.00,'دراجي',0.00,1.000),
(828,651,NULL,1,340.00,'كاكاو بني',0.00,1.000),
(829,652,NULL,1,50.00,'فرميسال شيكولة',0.00,1.000),
(830,653,NULL,1,50.00,'بيستاش',0.00,1.000),
(831,653,NULL,1,50.00,'لوز احمر',0.00,1.000),
(832,654,NULL,1,200.00,'اغروديف',0.00,1.000),
(833,655,NULL,1,40.00,'لوز',0.00,1.000),
(850,662,NULL,1,200.00,'كاوكاو',0.00,1.000),
(851,663,NULL,1,230.00,'لوز احمر',0.00,1.000),
(852,664,NULL,2,120.00,'طباسا جوتابل',0.00,2.000),
(856,666,NULL,1,20.00,'باطة 8',0.00,1.000),
(857,667,NULL,1,200.00,'وجدان نواسات',0.00,1.000),
(858,668,NULL,1,30.00,'ملح',0.00,1.000),
(859,669,NULL,1,80.00,'كيلو سميد',0.00,1.000),
(860,669,NULL,1,110.00,'ماني مارغارين',0.00,1.000),
(861,670,NULL,1,210.00,'كاوكاو ابيض',0.00,1.000),
(862,670,NULL,1,160.00,'بيستاش',0.00,1.000),
(863,671,NULL,1,100.00,'فيرميسال شيكولة',0.00,1.000),
(864,672,NULL,1,100.00,'ساشيات',0.00,1.000),
(865,674,NULL,1,50.00,'Pauche',0.00,1.000),
(867,677,NULL,1,90.00,'غوبلي اتاي',0.00,1.000),
(868,678,NULL,1,50.00,'كيسات',0.00,1.000),
(869,679,NULL,1,110.00,'فرينة سيم',0.00,1.000),
(870,679,NULL,5,7.50,'فانيلا باكيات',0.00,5.000),
(871,679,NULL,5,7.50,'خمارة',0.00,5.000),
(872,680,NULL,1,130.00,'نابغون بيوضا منقطين',0.00,1.000),
(873,680,NULL,1,260.00,'وجدان حليب',0.00,1.000),
(874,681,NULL,1,80.00,'مزهر',0.00,1.000),
(875,681,NULL,1,110.00,'مزهر وردة',0.00,1.000),
(877,683,NULL,7,30.00,'موول حد',0.00,7.000),
(879,686,NULL,2,140.00,'سكر غلاسي المرجتن',0.00,2.000),
(880,686,NULL,1,110.00,'دونتال دوري',0.00,1.000),
(881,687,NULL,2,10.00,'Pauche jetable',0.00,2.000),
(882,689,NULL,1,210.00,'كاوكاو ابيض',0.00,1.000),
(883,689,NULL,1,120.00,'مايزينة',0.00,1.000),
(884,691,NULL,1,100.00,'فرميسال ملونة',0.00,1.000),
(885,691,NULL,1,50.00,'طابع حديد',0.00,1.000),
(886,692,NULL,1,150.00,'جولي',0.00,1.000),
(887,692,NULL,2,100.00,'فلوريال',0.00,2.000),
(888,693,NULL,1,220.00,'دراجي',0.00,1.000),
(889,693,NULL,1,80.00,'بابيي sofia',0.00,1.000),
(890,694,NULL,4,350.00,'Moule pate a sucre',0.00,4.000),
(891,694,NULL,1,250.00,'موول ورقة شيكولة',0.00,1.000),
(892,694,NULL,6,10.00,'موتييف عمرة',0.00,6.000),
(893,695,NULL,1,150.00,'باطة حمرا كبيرى',20.00,1.000),
(894,695,NULL,1,100.00,'باطة حمرا صغيرة',20.00,1.000),
(895,695,NULL,1,550.00,'مووول تارت',100.00,1.000),
(896,695,NULL,1,200.00,'موتيف ',50.00,1.000),
(897,696,NULL,1,100.00,'كاكاو ',40.00,1.000),
(898,696,NULL,1,400.00,'موول قلب مسنن',50.00,1.000),
(899,697,NULL,1,30.00,'كيسات صغار',5.00,1.000),
(900,697,NULL,1,50.00,'كيسات دوري',20.00,1.000),
(901,697,NULL,1,110.00,'دونتال بيض منقطة',30.00,1.000),
(902,697,NULL,1,400.00,'جوز',40.00,1.000),
(903,697,NULL,1,430.00,'مرجان صغيرة',70.00,1.000),
(904,697,NULL,2,130.00,'قاطو',20.00,2.000),
(905,697,NULL,1,80.00,'ورق الطبخ',30.00,1.000),
(906,697,NULL,1,180.00,' وفاء 10م ورق المنيوم',25.00,1.000),
(907,698,NULL,1,200.00,'طباسا 6 فضي',15.00,1.000),
(908,699,NULL,1,100.00,'غرس',30.00,1.000),
(909,700,NULL,12,10.00,'باطات رايب',2.00,12.000),
(910,701,NULL,1,25.00,'3 خمارة',5.00,1.000),
(911,702,NULL,3,50.00,'دونتال كيسات',20.00,3.000),
(912,703,NULL,1,100.00,'مغارف ميزان',20.00,1.000),
(913,704,NULL,1,70.00,'ساشيات كونجيلاسيون طبار',20.00,1.000),
(914,705,NULL,1,50.00,'لافانيل',15.00,1.000),
(915,707,NULL,1,100.00,'كاوكاو ابيض',15.00,1.000),
(916,707,NULL,1,50.00,'كيسات دوري صغار',20.00,1.000),
(917,707,NULL,1,110.00,'مارغارين ماني',20.00,1.000),
(918,708,NULL,1,80.00,'فايتيين',15.00,1.000),
(919,708,NULL,1,70.00,'جوز',5.00,1.000),
(920,709,NULL,3,50.00,'كيسات بيوضا',20.00,3.000),
(921,709,NULL,1,130.00,'دونتال اخضر',30.00,1.000),
(922,710,NULL,1,450.00,'ادوات عجينة السكر',70.00,1.000),
(923,710,NULL,1,300.00,'موول عجينة السكر',70.00,1.000),
(924,710,NULL,1,100.00,'Coupe pate',30.00,1.000),
(925,710,NULL,1,50.00,'بانسو',20.00,1.000),
(926,710,NULL,1,180.00,'طابع عجينة السكر',30.00,1.000),
(927,711,NULL,1,100.00,'كاوكاو ابيض',15.00,1.000),
(928,711,NULL,1,200.00,'جوز',20.00,1.000),
(929,712,NULL,1,130.00,'دونتال بيضة',30.00,1.000),
(930,713,NULL,1,250.00,'شانتيي',100.00,1.000),
(931,713,NULL,1,100.00,'كاكاو',40.00,1.000),
(932,713,NULL,1,100.00,'كاوكاو ايفيلي',35.00,1.000),
(933,713,NULL,1,230.00,'امباسادور سوداء',35.00,1.000),
(934,714,NULL,1,500.00,'سمن الوليمة صغير',30.00,1.000),
(935,715,NULL,1,650.00,'زيت 5l',20.00,1.000),
(936,715,NULL,1,90.00,'سكر',5.00,1.000),
(937,716,NULL,1,60.00,'كيسات فضي كبار',35.00,1.000),
(938,717,NULL,1,120.00,'تمر غرس',30.00,1.000),
(939,718,NULL,3,15.00,'باطة 8',5.00,3.000),
(940,719,NULL,1,140.00,'سكرغلاسي',20.00,1.000),
(941,719,NULL,1,160.00,'معجون',30.00,1.000),
(942,719,NULL,1,35.00,'كيسات صغار',5.00,1.000),
(943,719,NULL,1,210.00,'كاوكاو ابيض',40.00,1.000),
(944,720,NULL,4,40.00,'غوبلي النيوم صغار',20.00,4.000),
(945,720,NULL,2,30.00,'غوبلي المنيوم صغار',15.00,2.000),
(946,721,NULL,1,50.00,'كاكاو',20.00,1.000),
(947,721,NULL,1,100.00,'شانتيي',35.00,1.000),
(948,722,NULL,1,50.00,'ساشيات كونجيلاسيون',15.00,1.000),
(949,723,NULL,1,70.00,'نواة كوكو',25.00,1.000),
(950,724,NULL,5,10.00,'Pauche jetable',4.00,5.000),
(951,725,NULL,1,100.00,'جوز',10.00,1.000),
(952,725,NULL,1,50.00,'لافاني',15.00,1.000),
(953,726,NULL,1,130.00,'دونتال زرقة',30.00,1.000),
(954,726,NULL,2,150.00,'عجينة السكر',35.00,2.000),
(955,727,NULL,1,100.00,'papier toillette',30.00,1.000),
(958,729,NULL,1,550.00,'موول النقاش سيليكون',100.00,1.000),
(959,730,NULL,1,350.00,'موول الغيمة عجينة السكر',70.00,1.000),
(960,730,NULL,2,130.00,'سكر غلاسي ازرق',20.00,2.000),
(961,730,NULL,1,100.00,'موتيف ذهبي',20.00,1.000),
(962,731,NULL,1,250.00,'مغارف ذهبي',0.00,1.000),
(963,732,NULL,5,15.00,'باطة 8',0.00,5.000),
(964,732,NULL,6,20.00,'باطة 12',0.00,6.000),
(965,733,NULL,1,200.00,'عسيلة 1كغ',20.00,1.000),
(966,733,NULL,1,270.00,'جوز',30.00,1.000),
(967,733,NULL,1,100.00,'لوز ابيض',5.00,1.000),
(968,733,NULL,1,130.00,'سكر غلاسي',20.00,1.000),
(969,733,NULL,1,60.00,'موول ابيض بلاستيك',20.00,1.000),
(970,734,NULL,1,70.00,'لوز ايفيلي',10.00,1.000),
(971,735,NULL,1,100.00,'مارغارين ماني',15.00,1.000),
(972,736,NULL,1,200.00,'كاوكاو ايفيلي',85.00,1.000),
(973,737,NULL,1,600.00,'باطات طمينة ورظي',150.00,1.000),
(974,737,NULL,1,100.00,'مارغارين فلويال',15.00,1.000),
(975,737,NULL,1,200.00,'مارغارين ديما',20.00,1.000),
(976,738,NULL,1,280.00,'سمن مدينة ٢٥٠غ',30.00,1.000),
(977,738,NULL,1,650.00,'زيت 5ل',30.00,1.000),
(978,738,NULL,1,300.00,'جوز',30.00,1.000),
(979,738,NULL,1,300.00,'كاوكاو',70.00,1.000),
(980,739,NULL,8,15.00,'موول كورني',5.00,8.000),
(981,741,NULL,1,200.00,'طابع معمول',70.00,1.000),
(982,742,NULL,1,180.00,'معجون الفراولة',25.00,1.000),
(983,743,NULL,1,650.00,'زيت 5ل',30.00,1.000),
(984,743,NULL,1,50.00,'Serviette',20.00,1.000),
(985,744,NULL,1,230.00,'التاج كحلة',30.00,1.000),
(986,744,NULL,1,200.00,'اغروديف',25.00,1.000),
(987,744,NULL,1,100.00,'شانتيي',35.00,1.000),
(988,745,NULL,1,50.00,'Serviette',20.00,1.000),
(989,747,NULL,2,130.00,'دونتال اخضر',30.00,2.000),
(990,747,NULL,2,50.00,'كيسات دونتال',25.00,2.000),
(991,747,NULL,1,400.00,'بلاطو 8',150.00,1.000),
(992,748,NULL,1,100.00,'Moule charak',40.00,1.000),
(993,749,NULL,1,130.00,'دونتال زرقة',30.00,1.000),
(994,749,NULL,1,150.00,'باطة حمرا كبيرة',30.00,1.000),
(995,750,NULL,1,50.00,'كيسات بيوضاو',20.00,1.000),
(996,751,NULL,1,110.00,'فرينة ماما',20.00,1.000),
(997,752,NULL,1,50.00,'كيسات بيوضا',20.00,1.000),
(998,753,NULL,1,120.00,'Doué',30.00,1.000),
(999,753,NULL,1,10.00,'Pauche',3.00,1.000),
(1001,755,NULL,2,50.00,'كيسات دورس',20.00,2.000),
(1005,758,NULL,2,20.00,'ملون اخضر فاتح',5.00,2.000),
(1006,758,NULL,1,150.00,'ساشيات تغليف',30.00,1.000),
(1007,758,NULL,1,50.00,'ملون وردي ميزان',5.00,1.000),
(1008,759,NULL,2,50.00,'كيسات دونتال',20.00,2.000),
(1009,760,NULL,1,230.00,'غلاساج التاج',30.00,1.000),
(1010,760,NULL,1,450.00,'موول الدب',70.00,1.000),
(1011,761,NULL,1,400.00,'بلاطو 8',150.00,1.000),
(1012,762,NULL,1,150.00,' السكر عجينة',35.00,1.000),
(1013,762,NULL,1,150.00,'مارغارين اوبلين',30.00,1.000),
(1014,762,NULL,1,180.00,'معجون الفراولة',25.00,1.000),
(1015,762,NULL,1,100.00,'كاكاو بني',44.00,1.000),
(1016,763,NULL,1,150.00,'مارغارين اوبلين',30.00,1.000),
(1017,763,NULL,1,140.00,'سكر غلاسي',20.00,1.000),
(1018,763,NULL,1,100.00,'كاكاو بني',44.00,1.000),
(1019,763,NULL,1,50.00,'لافاني',15.00,1.000),
(1020,763,NULL,1,50.00,'فايتين',10.00,1.000),
(1021,764,NULL,1,200.00,'وجدان نوازات',10.00,1.000),
(1022,768,NULL,1,100.00,'ددراجي طمينة',15.00,1.000),
(1023,768,NULL,1,200.00,'موتيف ذهبي',40.00,1.000),
(1024,768,NULL,1,300.00,'مغراف ذهبي',50.00,1.000),
(1025,768,NULL,1,600.00,'بواتات طمينة',150.00,1.000),
(1026,768,NULL,2,120.00,'موتيف عجينة السكر',40.00,2.000),
(1027,768,NULL,1,50.00,'كيسات فضي',25.00,1.000),
(1028,768,NULL,1,130.00,'سكرغلاسي',20.00,1.000),
(1029,768,NULL,1,50.00,'كيسات ذهبي',25.00,1.000),
(1030,768,NULL,1,110.00,'دونتال ازرق',30.00,1.000),
(1031,769,NULL,1,50.00,'دراجي',10.00,1.000),
(1032,770,NULL,1,50.00,'فايتين',10.00,1.000),
(1033,770,NULL,1,50.00,'جوز',5.00,1.000),
(1034,771,NULL,2,250.00,'كيسات فيرين ',50.00,2.000),
(1035,771,NULL,1,150.00,'موول مقروط بريستيج',50.00,1.000),
(1036,772,NULL,2,50.00,'كيسات دونتال',0.00,2.000),
(1037,773,NULL,1,100.00,'Faux pistache',30.00,1.000),
(1038,773,NULL,1,50.00,'جوز',5.00,1.000),
(1039,774,NULL,1,600.00,'Boite tacos',0.00,1.000),
(1040,775,NULL,1,100.00,'مايزينة',0.00,1.000),
(1041,776,NULL,1,130.00,'كانديا',0.00,1.000),
(1042,777,NULL,1,30.00,'ملون',0.00,1.000),
(1043,778,NULL,1,100.00,'جوز',0.00,1.000),
(1044,780,NULL,2,95.00,'سكر',0.00,2.000),
(1045,780,NULL,1,200.00,'فرينة اغروديف',0.00,1.000),
(1046,780,NULL,1,260.00,'غلاساج الوجدان حليب',0.00,1.000),
(1047,780,NULL,1,140.00,'سكر غلاسي المرجان',0.00,1.000),
(1048,781,NULL,1,95.00,'سكر',0.00,1.000),
(1049,781,NULL,1,210.00,'لافاني',0.00,1.000),
(1050,781,NULL,1,130.00,'ملون اصفر',0.00,1.000),
(1051,783,NULL,1,190.00,'مارغارين لابال',0.00,1.000),
(1052,783,NULL,1,450.00,'بايط طمينة',0.00,1.000),
(1053,783,NULL,1,100.00,'دراجي',0.00,1.000),
(1054,784,NULL,1,200.00,'شانتيي',0.00,1.000),
(1055,784,NULL,1,100.00,'مايزينة',0.00,1.000),
(1056,785,NULL,1,20.00,'ساشي',0.00,1.000),
(1057,786,NULL,1,270.00,'بلاطو بيتزا',0.00,1.000),
(1059,789,NULL,1,20.00,'ملون اخضر',0.00,1.000),
(1060,790,NULL,1,200.00,'فرينة اغرودي',0.00,1.000),
(1064,794,NULL,1,100.00,'كاوكاو ايفيلي',0.00,1.000),
(1065,795,NULL,1,110.00,'دونتال 4.5',0.00,1.000),
(1066,796,NULL,4,15.00,'باطات رايب',0.00,4.000),
(1067,798,NULL,2,50.00,'كيسات فضي كبار',0.00,2.000),
(1068,798,NULL,1,130.00,'كانديا حليب',0.00,1.000),
(1069,799,NULL,1,95.00,'سكر',0.00,1.000),
(1070,801,NULL,1,200.00,'عسيلة ١كغ',0.00,1.000),
(1071,801,NULL,1,200.00,'مارغارين ماني  ',0.00,1.000),
(1072,801,NULL,1,650.00,'',0.00,1.000),
(1073,801,NULL,1,75.00,'',0.00,1.000),
(1074,801,NULL,1,150.00,'',0.00,1.000),
(1075,802,NULL,1,200.00,'دراجي طمينة',0.00,1.000),
(1076,804,NULL,1,20.00,'ملون اخضر',0.00,1.000),
(1077,805,NULL,1,60.00,'قفازات',0.00,1.000),
(1078,806,NULL,10,15.00,'باطة رايب',0.00,10.000),
(1079,807,NULL,1,60.00,'قفازات',0.00,1.000),
(1080,808,NULL,1,160.00,'بايات',0.00,1.000),
(1081,808,NULL,1,25.00,'ساشي',0.00,1.000),
(1082,809,NULL,1,100.00,'دراجي',0.00,1.000),
(1083,810,NULL,3,15.00,'باطة رايب',0.00,3.000),
(1084,811,NULL,1,100.00,'موتيف ذهبي',0.00,1.000),
(1085,812,NULL,1,350.00,'موول عينة السطر',0.00,1.000),
(1086,812,NULL,1,550.00,'موول كبير وردي',0.00,1.000),
(1087,813,NULL,1,100.00,'موول تشاراك',0.00,1.000),
(1088,814,NULL,1,130.00,'ملون بنفسجي',0.00,1.000),
(1089,814,NULL,1,130.00,'ملون بني شوكولاطة',0.00,1.000),
(1090,815,NULL,1,250.00,'ساشياات تجميد',0.00,1.000),
(1091,816,NULL,1,100.00,'كاوكاو',0.00,1.000),
(1092,817,NULL,1,20.00,'ملون',0.00,1.000),
(1093,818,NULL,20,10.00,'باطة رايب',0.00,20.000),
(1094,819,NULL,1,100.00,'كاوكاو',0.00,1.000),
(1095,820,NULL,1,100.00,'اسيد سيتريك',35.00,1.000),
(1097,822,NULL,1,250.00,'موول حديد طويل',50.00,1.000),
(1098,823,NULL,2,50.00,'كيسات ذهبي صغار',20.00,2.000),
(1099,823,NULL,1,110.00,'دونتال عسلي',30.00,1.000),
(1100,824,NULL,1,270.00,'عجينة السكر',45.00,1.000),
(1101,824,NULL,1,200.00,'عسل',25.00,1.000),
(1102,824,NULL,1,80.00,'مزهر',10.00,1.000),
(1103,825,NULL,2,35.00,'ملح',5.00,2.000),
(1104,826,NULL,1,100.00,'عطر الشمام',30.00,1.000),
(1105,828,NULL,1,250.00,'بانسو سباتيلا',70.00,1.000),
(1106,828,NULL,1,150.00,'فيميجان',50.00,1.000),
(1107,828,NULL,1,350.00,'سباتيلا',70.00,1.000),
(1108,828,NULL,1,200.00,'موول حديد مدور',70.00,1.000),
(1109,828,NULL,1,170.00,'كاكاو',75.00,1.000),
(1110,828,NULL,1,100.00,'جوز',10.00,1.000),
(1111,828,NULL,1,200.00,'شانتي',65.00,1.000),
(1112,828,NULL,1,270.00,'عجينة السكر',45.00,1.000),
(1113,829,NULL,1,190.00,'مارغارين',25.00,1.000),
(1114,830,NULL,1,120.00,'فراشت',40.00,1.000),
(1115,831,NULL,1,80.00,'؟',10.00,1.000),
(1116,832,NULL,1,200.00,'فرينة اغروديف',25.00,1.000),
(1117,833,NULL,6,7.50,'خمارة',2.00,6.000),
(1118,833,NULL,1,150.00,'عجينة السكر ازرق',30.00,1.000),
(1119,833,NULL,1,130.00,'دونتال زرق 5.5',30.00,1.000),
(1120,833,NULL,1,100.00,'فلوريال',15.00,1.000),
(1121,833,NULL,1,140.00,'سكر غلاسي المرجان',20.00,1.000),
(1122,833,NULL,1,150.00,'باطة حمرا كبيرة',30.00,1.000),
(1123,834,NULL,1,200.00,'غلاساج optilla',25.00,1.000),
(1124,834,NULL,1,140.00,'سكر غلاسي المرجان',20.00,1.000),
(1125,834,NULL,2,350.00,'دادا',20.00,2.000),
(1126,834,NULL,1,200.00,'كاكاو بني',75.00,1.000),
(1127,834,NULL,1,130.00,'ملون ازرق',30.00,1.000),
(1128,834,NULL,1,150.00,'?',20.00,1.000),
(1129,834,NULL,4,50.00,'كيشات دونتال',25.00,4.000),
(1130,834,NULL,4,130.00,'شكر غلاسي',20.00,4.000),
(1131,834,NULL,3,110.00,'مارغارين ماني 250غ',20.00,3.000),
(1132,834,NULL,1,200.00,'مارغارين ماني 500غ',20.00,1.000),
(1133,834,NULL,1,450.00,'Optilla 700g',30.00,1.000),
(1134,834,NULL,10,10.00,'Pauche',3.00,10.000),
(1135,834,NULL,1,70.00,'ساشي كونجيلاسيون',15.00,1.000),
(1136,834,NULL,1,100.00,'باطة حمرا صغير',20.00,1.000),
(1137,835,NULL,1,200.00,'اغروديف',30.00,1.000),
(1138,835,NULL,4,7.50,'خمارة',2.00,4.000),
(1139,835,NULL,4,7.50,'لافاني',2.00,4.000),
(1140,836,NULL,1,350.00,'شيكولة دادا',20.00,1.000),
(1141,836,NULL,1,100.00,'فايتيين',20.00,1.000),
(1142,836,NULL,2,70.00,'جيلاتين',20.00,2.000),
(1143,836,NULL,1,100.00,'فلوريال',15.00,1.000),
(1144,837,NULL,1,250.00,'؟',30.00,1.000),
(1145,838,NULL,1,320.00,'حليب مركز كراميل',30.00,1.000),
(1146,839,NULL,1,230.00,'فارس تارت',30.00,1.000),
(1147,839,NULL,1,100.00,'موول لدبلاستيك كبير قلب',20.00,1.000),
(1148,840,NULL,1,110.00,'فرينة ماما',20.00,1.000),
(1151,842,NULL,2,110.00,'مارغارين ماني',20.00,2.000),
(1152,842,NULL,1,130.00,'ملون ازرق',30.00,1.000),
(1153,842,NULL,1,350.00,'موول عجينة السكر سيليكون',70.00,1.000),
(1154,842,NULL,3,260.00,'شكولاطة بيضاء',30.00,3.000),
(1155,842,NULL,2,110.00,'دونتال ابيض منقط',30.00,2.000),
(1156,843,NULL,2,110.00,'فرينة ماما',20.00,2.000),
(1157,843,NULL,1,50.00,'موول حديد مدور',15.00,1.000),
(1158,844,NULL,1,300.00,'ملون شوكولاطة',0.00,1.000),
(1159,844,NULL,1,250.00,'ناكري فضي',0.00,1.000),
(1160,844,NULL,1,110.00,'دونتال عسلي',0.00,1.000),
(1161,845,NULL,1,150.00,' براستيج موول مقروط',0.00,1.000),
(1162,845,NULL,1,50.00,'كيسات دونتال',0.00,1.000),
(1163,845,NULL,1,450.00,'سمن مدينة',0.00,1.000),
(1164,845,NULL,1,50.00,'كيسات فضي',0.00,1.000),
(1165,845,NULL,1,380.00,'عسل 2كغ',0.00,1.000),
(1166,845,NULL,1,80.00,'مزهر',0.00,1.000),
(1167,845,NULL,1,200.00,'مارغارين ديما',0.00,1.000),
(1168,845,NULL,1,200.00,'كاوكاو ابيض',0.00,1.000),
(1169,845,NULL,1,130.00,'سكر غلاسي',0.00,1.000),
(1170,846,NULL,2,90.00,'غوبلي',0.00,2.000),
(1171,847,NULL,1,25.00,'خمارة 3',0.00,1.000),
(1172,847,NULL,1,300.00,'موول حديد',0.00,1.000),
(1173,848,NULL,1,100.00,'جوز',0.00,1.000),
(1174,849,NULL,1,140.00,'غوبلي',0.00,1.000),
(1175,850,NULL,2,50.00,'كيسات بيوضا',0.00,2.000),
(1176,850,NULL,2,100.00,'موول التشاراك',0.00,2.000),
(1177,851,NULL,1,100.00,'جوز',0.00,1.000),
(1178,852,NULL,1,210.00,'كاوكاو',0.00,1.000),
(1179,853,NULL,1,50.00,'ملون احمر',0.00,1.000),
(1180,854,NULL,1,90.00,'عطر البرتقال',0.00,1.000),
(1181,855,189,3,20.00,'ملون ابيض',15.00,3.000),
(1182,856,NULL,1,230.00,'التاج كحلة',0.00,1.000),
(1183,857,NULL,1,130.00,'كانديا',0.00,1.000),
(1185,859,NULL,1,450.00,'موول حديد مدور',0.00,1.000),
(1186,859,NULL,1,280.00,'سمن مدينة',0.00,1.000),
(1187,859,NULL,1,100.00,'مارغارين فلوريال',0.00,1.000),
(1188,860,NULL,1,35.00,'؟',0.00,1.000),
(1189,861,NULL,1,400.00,'فرينة سيم',0.00,1.000),
(1190,861,NULL,10,7.50,'خمارة',0.00,10.000),
(1191,861,NULL,4,40.00,'فلان',0.00,4.000),
(1192,861,NULL,1,220.00,'جوز',0.00,1.000),
(1193,863,NULL,1,95.00,'سكر',0.00,1.000),
(1194,863,NULL,1,190.00,'مارغارين لابال',0.00,1.000),
(1195,863,NULL,1,400.00,'فرينة سيم',0.00,1.000),
(1196,863,NULL,1,140.00,'سكر غلاسي',0.00,1.000),
(1197,863,NULL,1,160.00,'',0.00,1.000),
(1198,864,186,1,2300.00,'لوز احمر ',200.00,0.097),
(1199,864,NULL,1,95.00,'جوز',0.00,1.000),
(1200,865,NULL,1,120.00,' كاوكاو ابيض',0.00,1.000),
(1201,866,NULL,1,50.00,'ملون وردي',0.00,1.000),
(1202,868,NULL,NULL,50.00,'كاكاو',0.00,1.000),
(1203,869,NULL,0,25.00,'',0.00,1.000),
(1204,871,NULL,0,50.00,'',0.00,1.000),
(1205,872,187,0,2400.00,'لوز ابيض',200.00,0.208),
(1206,873,187,0,2400.00,'لوز ابيض',200.00,0.375),
(1208,875,NULL,0,130.00,'سكر غلاسي ازرق',25.00,2.000),
(1209,876,NULL,0,350.00,'تيلوز',30.00,1.000),
(1210,877,NULL,0,380.00,'عسل المرجان 2 كغ',30.00,1.000),
(1211,878,NULL,0,400.00,'موول حديد مادلان',80.00,1.000),
(1212,878,NULL,0,120.00,'قوفريط باتيسري',30.00,1.000),
(1213,878,NULL,0,50.00,'كيسات بيوضة',20.00,1.000),
(1214,878,NULL,0,150.00,'عجينة السكر سوداء',35.00,1.000),
(1215,878,NULL,0,200.00,'ناكري ذهبي',50.00,1.000),
(1216,878,NULL,0,300.00,'موول سيليكون عجينة السكر',30.00,1.000),
(1217,880,NULL,0,60.00,'كيسات دوري',25.00,2.000),
(1218,881,NULL,0,30.00,'باطات بلاستيك',10.00,7.000),
(1219,882,NULL,0,2400.00,'لوز ابيض',200.00,0.208),
(1220,882,NULL,0,140.00,'سكر غلاسي',20.00,1.000),
(1221,882,NULL,0,110.00,'فرينة ماما',20.00,1.000),
(1222,882,NULL,0,200.00,'سمن المرجان',30.00,1.000),
(1223,883,NULL,0,110.00,'عجينة السكر',0.00,1.000),
(1224,884,NULL,0,35.00,'ورد',0.00,4.000),
(1225,885,NULL,0,1000.00,'شانتيي',375.00,0.200),
(1226,886,NULL,0,100.00,'ملون سائل وردب',40.00,1.000),
(1227,887,NULL,0,150.00,'بريون دوري',60.00,1.000),
(1228,889,NULL,0,350.00,'موول سيليكون عجينة السكر',0.00,1.000),
(1229,890,185,0,350.00,'كاوكاو احمر',100.00,0.500),
(1230,890,NULL,0,1800.00,'كاكاو',800.00,0.055),
(1231,891,NULL,0,150.00,'ملون سائل',60.00,2.000),
(1232,891,NULL,0,350.00,'موول عجينة السكر',80.00,1.000),
(1233,892,NULL,0,200.00,'؟',30.00,1.000),
(1234,893,NULL,0,80.00,'قوبلي',30.00,2.000),
(1235,893,NULL,0,70.00,'قوبلي',30.00,1.000),
(1236,894,NULL,0,380.00,'عسيلة الوجدان 2كغ',0.00,1.000),
(1237,894,NULL,0,190.00,'مارغارين لابال',0.00,2.000),
(1238,894,NULL,0,140.00,'موتيف عجينة السكر',0.00,4.000),
(1239,894,NULL,0,130.00,'موتيف عجينة السكر',0.00,1.000),
(1240,894,NULL,0,530.00,'دراجي طمينة',0.00,1.000),
(1241,894,NULL,0,130.00,'',0.00,1.000),
(1242,894,NULL,0,50.00,'',0.00,2.000),
(1243,894,NULL,0,140.00,'',0.00,1.000),
(1244,894,189,0,20.00,'ملون ابيض',15.00,4.000),
(1245,895,NULL,0,50.00,' عطر الليمون',0.00,1.000),
(1246,895,NULL,0,50.00,'اسيد',0.00,1.000),
(1247,896,NULL,0,210.00,'كاوكاو ابيض',0.00,1.000),
(1248,896,NULL,0,110.00,'فرينة ماما 1 كغ',0.00,1.000),
(1249,896,NULL,0,100.00,'مارغارين لابال 250غ',0.00,1.000),
(1250,896,NULL,0,50.00,'كيسات بيوضا',0.00,1.000),
(1251,898,NULL,0,50.00,'',0.00,2.000),
(1252,899,NULL,0,1000.00,'سارسو فليكسيبل',0.00,1.000),
(1253,900,NULL,0,90.00,'باطة حمرا',0.00,1.000),
(1254,901,NULL,0,50.00,'كيسات بيوضة',0.00,1.000),
(1255,901,NULL,0,150.00,'ملون اخضر',0.00,1.000),
(1256,902,NULL,0,32.50,'فيرين',0.00,24.000),
(1257,902,NULL,0,50.00,'كيسات بيوضا',0.00,1.000),
(1258,902,NULL,0,50.00,'كيسات دوري',0.00,1.000),
(1259,903,NULL,0,130.00,'finger',0.00,1.000),
(1260,903,NULL,0,50.00,'كيسات ازرق',0.00,1.000),
(1261,904,NULL,0,110.00,'فرينة ماما',0.00,1.000),
(1262,904,NULL,0,10.00,'pauche',0.00,1.000),
(1263,905,NULL,0,50.00,'كيسات ذهبي',0.00,1.000),
(1264,906,NULL,0,90.00,'قوبلي اتاي',0.00,3.000),
(1265,906,NULL,0,90.00,'دوي',0.00,1.000),
(1266,907,NULL,0,110.00,'مارغارين ماني',0.00,2.000),
(1267,907,NULL,0,130.00,'دونتال بيضاء',0.00,1.000),
(1268,907,NULL,0,200.00,'غلاساج optilla',0.00,1.000),
(1269,908,NULL,0,140.00,'سكر غلاسي المرجان',0.00,1.000),
(1270,908,NULL,0,200.00,'مارغارين ديما',0.00,1.000),
(1271,908,NULL,0,280.00,'سمن مدينة',0.00,1.000),
(1272,908,NULL,0,1350.00,'جوز',0.00,0.148),
(1273,908,187,0,2400.00,'لوز ابيض',200.00,0.125),
(1274,909,NULL,0,20.00,'ساشي بوبال',0.00,1.000),
(1275,910,NULL,0,50.00,'كيسات فضي',0.00,2.000),
(1276,910,NULL,0,110.00,'دونتال عسلي',0.00,2.000),
(1277,910,186,0,2300.00,'لوز احمر ',200.00,0.108),
(1278,911,NULL,0,1000.00,'شانتيي',0.00,0.244),
(1279,912,NULL,0,150.00,'عجينة السكر',0.00,1.000),
(1280,913,NULL,0,140.00,'غوبلي بيوضا',0.00,1.000),
(1281,914,NULL,0,150.00,'فيميجان',0.00,2.000),
(1282,915,NULL,0,50.00,'كيسات دونتال',0.00,1.000),
(1283,916,NULL,0,50.00,'كيسات بيوضا',0.00,1.000),
(1284,917,195,0,230.00,'Optilla 350g',25.00,1.000),
(1285,917,NULL,0,1900.00,'فايتين',0.00,0.021),
(1286,918,NULL,0,270.00,'عجينة السكر 500غ',0.00,2.000),
(1287,919,NULL,0,20.00,'باطات 12',0.00,11.000),
(1288,920,NULL,0,10.00,'موتيف',0.00,30.000),
(1289,921,NULL,0,90.00,'دراجي',0.00,1.000),
(1290,921,NULL,0,150.00,'جولي',0.00,1.000),
(1291,923,NULL,0,140.00,'عجينة السكر',0.00,1.000),
(1292,924,NULL,0,70.00,'ورق ذهبي',0.00,1.000),
(1293,925,NULL,0,450.00,'موول عجينة السكر',0.00,1.000),
(1294,926,NULL,0,30.00,'باطة',0.00,6.000),
(1295,926,NULL,0,17.00,'ياطة بلاستيك',0.00,5.000),
(1296,927,NULL,0,70.00,'غوبلي صغار',0.00,1.000),
(1297,927,NULL,0,90.00,'غوبلي اتاي',0.00,1.000),
(1298,927,NULL,0,100.00,'طباسا جوتابل صغار',0.00,2.000),
(1299,927,NULL,0,120.00,'طباسا جوتابل متوسطين',0.00,1.000),
(1300,928,186,0,2300.00,'لوز احمر ',200.00,0.043),
(1301,928,NULL,0,120.00,'جوز',0.00,1.000),
(1302,928,NULL,0,110.00,'دونتال عسلي',0.00,1.000),
(1303,929,NULL,0,150.00,'باطات حمورا',0.00,1.000),
(1304,929,NULL,0,50.00,'كيسات',0.00,1.000),
(1305,930,NULL,0,50.00,'كيسات دونتال',0.00,1.000),
(1306,931,NULL,0,110.00,'دونتال عسلي',0.00,1.000),
(1307,932,183,0,1200.00,'نواة كوكو',560.00,0.208),
(1308,932,NULL,0,100.00,'Coupe pate',0.00,4.000),
(1309,933,NULL,0,140.00,'سكر غلاسي المرجان',0.00,1.000),
(1310,934,NULL,0,10.00,'Pauche',0.00,4.000),
(1311,935,NULL,0,40.00,'كيسات',0.00,1.000),
(1312,936,NULL,0,200.00,'موول معمول',0.00,1.000),
(1313,936,NULL,0,110.00,'موتيف عجينة السكر',0.00,1.000),
(1314,937,183,0,1200.00,'نواة كوكو',560.00,0.125),
(1315,939,195,0,240.00,'Optilla 350g',25.00,1.000),
(1316,939,NULL,0,100.00,'كاكاو',0.00,1.000),
(1317,940,NULL,0,30.00,'باطة',0.00,1.000),
(1318,941,NULL,0,200.00,'تحت الباتيسري',0.00,1.000),
(1319,942,NULL,0,30.00,'باطة',0.00,1.000),
(1320,943,NULL,0,25.00,' 3 لافاني',0.00,1.000),
(1321,944,183,0,1200.00,'نواة كوكو',560.00,0.200),
(1322,945,NULL,0,80.00,'سميد متوسط',0.00,2.000),
(1323,945,186,0,2400.00,'لوز احمر ',200.00,0.250),
(1324,945,NULL,0,100.00,'مارغارين فلوريال',0.00,2.000),
(1325,945,NULL,0,90.00,'المنيوم',0.00,1.000),
(1326,945,NULL,0,400.00,'فرينة سيم',0.00,1.000),
(1327,946,NULL,0,110.00,'دونتال عسلي',0.00,1.000),
(1328,947,NULL,0,10.00,'Pauche',0.00,2.000),
(1329,948,NULL,0,60.90,'جوز',0.00,1.000),
(1330,948,186,0,2300.00,'لوز احمر ',200.00,0.017),
(1331,949,NULL,0,175.00,'فيميجان',0.00,4.000),
(1333,951,NULL,0,100.00,'Sache croissant sghar',0.00,1.000),
(1335,953,NULL,0,7.50,'لافاني',0.00,2.000),
(1336,953,NULL,0,7.50,'خمارة',0.00,4.000),
(1337,953,NULL,0,110.00,'مارغارين ماني 250 غ',0.00,2.000),
(1338,953,NULL,0,160.00,'معجون المشماش',0.00,1.000),
(1339,953,NULL,0,230.00,'غلاساج الوجدان',0.00,1.000),
(1340,953,NULL,0,160.00,'نشاء',0.00,1.000),
(1341,953,NULL,0,420.00,'كاوكاو ابيض',0.00,1.000),
(1342,953,NULL,0,35.00,'كيسات صغار',0.00,1.000),
(1343,953,NULL,0,50.00,'كيسات بيوضا',0.00,1.000),
(1344,954,NULL,0,110.00,'كاوكاو',0.00,1.000),
(1345,954,NULL,0,70.00,'شيكولة دادا',0.00,3.000),
(1346,954,NULL,0,1800.00,'كاكاو بني',0.00,0.027),
(1347,954,NULL,0,2500.00,'كاكاو اسود',0.00,0.020),
(1348,956,NULL,0,420.00,'كاوكاو',0.00,0.238),
(1349,957,NULL,0,100.00,'Arome fraise',0.00,1.000),
(1350,959,NULL,0,250.00,'فشفاشة',0.00,1.000),
(1351,960,NULL,0,2300.00,'',0.00,0.026),
(1352,960,NULL,0,140.00,'جولي',0.00,1.000),
(1353,961,NULL,0,100.00,'منديل ورقي معطر',0.00,1.000),
(1354,962,NULL,0,1800.00,'كاكاو',0.00,0.166),
(1355,962,NULL,0,200.00,'غلاساج شوكاس',0.00,1.000),
(1356,963,NULL,0,30.00,'باطة بلاستيك',15.00,2.000),
(1357,964,202,0,1000.00,'فانيلا',450.00,0.057),
(1358,964,NULL,0,100.00,'مارغارين فلوريال',15.00,1.000),
(1359,964,NULL,0,7.50,'خمارة',1.50,4.000),
(1360,965,NULL,0,50.00,'كيسات دونتال',25.00,2.000),
(1361,965,NULL,0,110.00,'دونتال ذهبي',30.00,1.000),
(1362,965,NULL,0,20.00,'طابع عجينة اللوز',5.00,1.000),
(1363,966,NULL,0,1500.00,'كاكاو',500.00,0.133),
(1364,967,NULL,0,10.00,'Pauche',0.00,6.000),
(1365,968,NULL,0,50.00,'موول حديد',20.00,2.000),
(1366,968,NULL,0,50.00,'Faux pistache',10.00,1.000),
(1367,968,NULL,0,10.00,'Pauche',2.50,1.000),
(1368,969,NULL,0,50.00,'كيسات بيوضة',20.00,1.000),
(1369,970,NULL,0,200.00,'مايزينة',50.00,1.000),
(1370,971,NULL,0,30.00,'باطة باتيسري',10.00,2.000),
(1371,972,202,0,1000.00,'فانيلا',450.00,0.100),
(1372,973,NULL,0,150.00,'ملون',0.00,2.000),
(1373,974,NULL,0,1800.00,'كاكاو',800.00,0.166),
(1374,975,NULL,0,300.00,'Nestle',40.00,1.000),
(1375,976,NULL,0,350.00,'شيكولة dada',20.00,1.000),
(1376,976,NULL,0,100.00,'Faux pistache',40.00,1.000),
(1377,976,NULL,0,100.00,'مايزينة',50.00,1.000),
(1378,976,202,0,1000.00,'فانيلا',450.00,0.050),
(1379,977,NULL,0,50.00,'كيسات',0.00,2.000),
(1380,978,NULL,0,150.00,'ملون',20.00,1.000),
(1381,978,NULL,0,350.00,'موول عجينة السكر',100.00,1.000),
(1382,978,NULL,0,30.00,'بانسو 2',5.00,1.000),
(1383,979,183,0,1200.00,'نواة كوكو',560.00,0.050),
(1385,981,185,0,340.00,'كاوكاو احمر',90.00,1.700),
(1388,984,NULL,0,120.00,'قوفريط بيمو',20.00,1.000),
(1389,986,NULL,0,1800.00,'كاكاو',800.00,0.050),
(1390,987,NULL,0,150.00,'عجينة السكر',35.00,1.000),
(1391,988,202,0,1000.00,'فانيلا',450.00,0.050),
(1392,989,NULL,0,360.00,'Pistachio',30.00,1.000),
(1393,989,NULL,0,260.00,'الوجدان',40.00,1.000),
(1394,989,NULL,0,100.00,'دين',20.00,1.000),
(1395,990,NULL,0,130.00,'سكر غلاسي',25.00,1.000),
(1396,990,NULL,0,280.00,'سمن مدينة',30.00,1.000),
(1397,990,NULL,0,80.00,'مزهر',10.00,1.000),
(1398,990,202,0,1000.00,'فانيلا',450.00,0.050),
(1399,991,NULL,0,2000.00,'كاكاو اسود',500.00,0.100),
(1400,992,NULL,0,100.00,'طباسا جوتابل',0.00,1.000),
(1405,1001,186,0,2300.00,'لوز احمر ',200.00,0.086),
(1406,1002,NULL,0,50.00,'فارميسال ملونة',0.00,1.000),
(1407,1002,NULL,0,120.00,'عسيلة المرجان',0.00,1.000),
(1408,1002,183,0,1200.00,'نواة كوكو',560.00,0.083),
(1409,1002,NULL,0,50.00,'بانسو 2',0.00,1.000),
(1410,1002,NULL,0,150.00,'ساشيات تغليف',0.00,1.000),
(1411,1002,NULL,0,250.00,'ساشيات اطفال',0.00,1.000),
(1412,1002,NULL,0,150.00,'ورق طهي 10م',0.00,1.000),
(1413,1003,NULL,0,110.00,'فرينة ماما',0.00,1.000),
(1418,1008,NULL,0,50.00,'',0.00,1.000),
(1419,1008,NULL,0,350.00,'',0.00,1.000),
(1420,1009,NULL,0,150.00,'16 باطة المنيوم صغير',0.00,1.000),
(1421,1010,NULL,0,200.00,'كارط',0.00,1.000),
(1422,1011,NULL,0,100.00,'Arome',0.00,1.000),
(1423,1012,NULL,0,50.00,'كيسات',0.00,1.000),
(1424,1014,NULL,0,50.00,'فرميسال',0.00,1.000),
(1425,1015,NULL,0,400.00,'',0.00,1.000),
(1426,1015,NULL,0,110.00,'',0.00,2.000),
(1427,1016,NULL,0,250.00,'',0.00,2.000),
(1428,1016,NULL,0,160.00,'',0.00,2.000),
(1429,1017,NULL,0,100.00,'',0.00,2.000),
(1431,1019,210,0,50.00,'Boite patisserie 48',28.00,1.000),
(1432,1019,NULL,0,100.00,'Arome مشماش',0.00,1.000),
(1433,1020,NULL,0,240.00,'?',0.00,1.000),
(1434,1021,NULL,0,200.00,'ملون ذهبي',20.00,1.000),
(1435,1022,NULL,0,110.00,'مزهر',20.00,1.000),
(1436,1022,NULL,0,330.00,'Pauche',40.00,1.000),
(1437,1022,NULL,0,200.00,'سمن المرجان',25.00,1.000),
(1438,1023,NULL,0,250.00,'مايزينة',100.00,0.200),
(1439,1024,202,0,1000.00,'فانيلا',450.00,0.100),
(1440,1025,NULL,0,300.00,'موول الابراج حديد',70.00,1.000),
(1441,1026,NULL,0,10.00,'Pauche',3.00,20.000),
(1442,1026,182,0,700.00,'جلجلان',160.00,1.140),
(1443,1026,NULL,0,1500.00,'فايتين',125.00,0.546),
(1444,1026,NULL,0,180.00,'مايزينة',50.00,2.000),
(1445,1026,202,0,800.00,'فانيلا',250.00,1.000),
(1446,1026,NULL,0,930.00,'فاردو سكر',40.00,1.000),
(1447,1026,NULL,0,840.00,'عسيلة المرجان',40.00,2.000),
(1448,1026,NULL,0,80.00,'مزهر',10.00,3.000),
(1449,1026,NULL,0,130.00,'سكر غلاسي ',30.00,8.000),
(1450,1026,NULL,0,110.00,'دونتال 4.5',30.00,4.000),
(1451,1026,NULL,0,130.00,'دونتال 5.5',30.00,2.000),
(1452,1026,NULL,0,180.00,'Arome ',50.00,1.000),
(1453,1026,NULL,0,40.00,'كيسات دونتاب',15.00,6.000),
(1454,1027,NULL,0,170.00,'سنيوات',25.00,2.000),
(1455,1027,217,0,60.00,'كيسات 12/15',27.50,1.000),
(1456,1028,NULL,0,1800.00,'كاكاو بني',800.00,0.055),
(1457,1029,NULL,0,20.00,'طابع اخضر',5.00,1.000),
(1458,1030,NULL,0,100.00,'Arome',30.00,1.000),
(1459,1031,217,0,60.00,'كيسات 12/15',27.50,1.000),
(1460,1031,NULL,0,110.00,'دونتال 4.5',30.00,1.000),
(1461,1031,218,0,50.00,'Boite patisserie 48H',22.00,1.000),
(1462,1032,NULL,0,95.00,'كيلو سكر',6.00,1.000),
(1463,1033,NULL,0,300.00,'?',50.00,1.000),
(1464,1034,NULL,0,80.00,'10 سكر فانيلا',15.00,1.000),
(1465,1035,NULL,0,350.00,'فارميسال شيكولة',90.00,1.000),
(1466,1036,NULL,0,150.00,'دراجي',25.00,1.000),
(1467,1037,NULL,0,400.00,'ميكسو',50.00,1.000),
(1468,1038,NULL,0,10.00,'خمارة',3.50,5.000),
(1469,1038,183,0,1200.00,'نواة كوكو',560.00,0.083),
(1470,1038,NULL,0,250.00,'مايزينة',100.00,0.400),
(1471,1038,217,0,60.00,'كيسات 12/15',27.50,1.000),
(1472,1038,NULL,0,180.00,'معجون الفراولة',25.00,1.000),
(1473,1039,NULL,0,50.00,'كيسات فضي',25.00,3.000),
(1474,1039,NULL,0,20.00,'سكر فانيلا 3',1.00,3.000),
(1475,1040,NULL,0,2500.00,'جيلاتين',500.00,0.064),
(1476,1041,217,0,60.00,'كيسات 12/15',27.50,2.000),
(1477,1042,217,0,50.00,'كيسات 12/15',17.50,1.000),
(1479,1046,NULL,0,70.00,'قوبلي',0.00,1.000),
(1480,1046,NULL,0,100.00,'بابيي',0.00,1.000),
(1481,1047,NULL,0,7.50,'خمارة',0.00,10.000),
(1482,1048,186,0,2300.00,'لوز احمر ',200.00,0.026),
(1483,1048,195,0,240.00,'Optilla 350g',35.00,1.000),
(1484,1049,202,0,750.00,'فانيلا',200.00,0.133),
(1485,1049,NULL,0,20.00,'خمارة 3',2.00,1.000),
(1486,1050,NULL,0,200.00,'مارغارين ديما',20.00,1.000),
(1487,1050,NULL,0,130.00,'سكر غلاسي',20.00,1.000),
(1488,1050,NULL,0,160.00,'مايزينة',20.00,1.000),
(1489,1050,186,0,2300.00,'لوز احمر ',200.00,0.130),
(1490,1050,183,0,1200.00,'نواة كوكو',560.00,0.166),
(1491,1050,NULL,0,430.00,'مرجان تارتيني',50.00,1.000),
(1492,1050,NULL,0,80.00,'11 خمارة',14.00,1.000),
(1493,1050,NULL,0,200.00,'غلاساج شوكاس',25.00,1.000),
(1494,1050,NULL,0,80.00,'فلان كبير',20.00,1.000),
(1495,1050,NULL,0,50.00,'بابيي',15.00,1.000),
(1496,1050,NULL,0,230.00,'قاطو',30.00,1.000),
(1497,1050,NULL,0,100.00,'ديول',30.00,1.000),
(1498,1051,NULL,0,120.00,'عسيلة المرجان',20.00,1.000),
(1499,1053,NULL,0,200.00,'ليسيو بيها باتيسري',50.00,1.000),
(1500,1053,NULL,0,300.00,'دين',80.00,1.000),
(1502,1055,NULL,0,250.00,'مايزينة',100.00,0.400),
(1503,1055,NULL,0,110.00,'مارغارين ماني',20.00,1.000),
(1504,1056,NULL,0,300.00,'غلاساج مرجان بيضاء',0.00,1.000),
(1505,1056,NULL,0,280.00,'غلاساج مرجان بندق',0.00,1.000),
(1506,1057,NULL,0,80.00,'مزهر',10.00,1.000),
(1507,1057,NULL,0,110.00,'مارغارين ماني',20.00,2.000),
(1508,1057,NULL,0,250.00,'مايزينة',100.00,0.200),
(1509,1057,202,0,1000.00,'فانيلا',450.00,0.100),
(1510,1057,NULL,0,130.00,'سكر غلاسي',20.00,1.000),
(1511,1057,NULL,0,260.00,'وجدان حليب',30.00,1.000),
(1512,1057,NULL,0,280.00,'سمن مدينة 500غ',25.00,1.000),
(1513,1057,NULL,0,110.00,'فرينة ماما',20.00,2.000),
(1514,1057,NULL,0,120.00,'قوفريط بيمو',20.00,2.000),
(1515,1057,187,0,2400.00,'لوز ابيض',200.00,0.083),
(1516,1058,NULL,0,110.00,'مارغارين ماني',20.00,1.000),
(1517,1058,NULL,0,40.00,'كيسات',5.00,1.000),
(1518,1059,NULL,0,280.00,'راكليطة قلب الل اللوز',50.00,1.000),
(1519,1060,NULL,0,95.00,'سكر',6.00,2.000),
(1520,1060,NULL,0,40.00,'ملح',10.00,1.000),
(1521,1061,227,0,150.00,'عجينة السكر',39.17,1.000),
(1522,1062,227,0,150.00,'عجينة السكر',39.17,1.000),
(1523,1063,NULL,0,50.00,'كيسات',25.00,1.000),
(1524,1063,NULL,0,60.00,'موول بلاستيك',10.00,1.000),
(1525,1063,NULL,0,100.00,'دونتال',40.00,1.000),
(1526,1063,NULL,0,8.00,'موتيف ذهبي',1.00,5.000),
(1527,1064,224,0,35.00,'Boite aliminuim',15.25,2.000),
(1528,1064,NULL,0,610.00,'بايط طمينة',60.00,1.000),
(1529,1064,NULL,0,500.00,'فارميسال ملونة',150.00,0.100),
(1530,1064,NULL,0,70.00,'ساشي كونجيلاسيون كبار',20.00,1.000),
(1531,1064,NULL,0,50.00,'ساشي كونجيلاسيون صغار',20.00,1.000),
(1532,1065,NULL,0,140.00,'فيميجان',30.00,3.000),
(1533,1065,NULL,0,150.00,'اسيات جوتابل',30.00,1.000),
(1534,1065,NULL,0,50.00,'شمع',10.00,2.000),
(1535,1065,NULL,0,130.00,'قوبلي شفاف',40.00,1.000),
(1536,1065,NULL,0,90.00,'قبعة',30.00,1.000),
(1537,1065,NULL,0,180.00,'تزيين بنفسجي',35.00,2.000),
(1538,1066,NULL,0,550.00,'موول cake',70.00,1.000),
(1539,1066,NULL,0,150.00,'فيميجان صغير',40.00,2.000),
(1540,1067,202,0,1000.00,'فانيلا',450.00,0.050),
(1541,1068,NULL,0,50.00,'Pauche',15.00,3.000),
(1542,1069,NULL,0,70.00,'غلاساج دادا',4.00,2.000),
(1543,1070,NULL,0,130.00,'كانديا',20.00,1.000),
(1544,1071,184,0,600.00,'اسيد سيتريك',250.00,0.333),
(1545,1072,NULL,0,280.00,'المرجان سوداء',20.00,1.000),
(1546,1072,NULL,0,50.00,'Pauche',15.00,2.000),
(1549,1075,217,0,60.00,'كيسات 12/15',27.50,1.000),
(1553,1081,202,0,1000.00,'فانيلا',450.00,0.100),
(1554,1081,NULL,0,250.00,'مايزينة',100.00,0.400),
(1558,1084,202,0,700.00,'فانيلا',150.00,0.100),
(1559,1085,187,0,2400.00,'لوز ابيض',200.00,0.077),
(1560,1085,NULL,0,60.00,'كيسات',25.00,1.000),
(1561,1085,NULL,0,30.00,'باطة 24',12.00,2.000),
(1562,1086,NULL,0,130.00,'ملون',30.00,1.000),
(1568,1093,NULL,0,50.00,'Faux pistache',20.00,1.000),
(1569,1094,NULL,0,330.00,'بلاطو 13',150.00,1.000),
(1570,1095,NULL,0,60.00,'كيسات سيقار',0.00,1.000),
(1571,1096,NULL,0,260.00,'Pate a filo',0.00,1.000),
(1572,1096,202,0,1000.00,'فانيلا',450.00,0.100),
(1573,1097,NULL,0,400.00,'فرينة كاملة',50.00,1.000),
(1574,1099,NULL,0,300.00,'مرجان حليب',0.00,1.000),
(1575,1100,184,0,400.00,'اسيد سيتريك',50.00,1.700),
(1576,1102,202,0,1000.00,'فانيلا',450.00,0.100),
(1579,1104,227,0,135.00,'عجينة السكر',24.17,2.000),
(1580,1104,NULL,0,200.00,'ناكري ذهبي',40.00,1.000),
(1581,1104,NULL,0,350.00,'موول عجينة السكر',80.00,1.000),
(1582,1105,194,0,150.00,'Optilla 200g',25.00,1.000),
(1583,1105,202,0,1000.00,'فانيلا',450.00,0.100),
(1584,1106,186,0,2300.00,'لوز احمر ',200.00,0.086),
(1585,1107,NULL,0,110.00,'نابغون عسلي',0.00,1.000),
(1586,1108,227,0,135.00,'عجينة السكر',24.17,2.000),
(1587,1108,NULL,0,100.00,'فرميسال شيكولة',0.00,1.000),
(1588,1109,231,0,1000.00,'شانتيي',420.00,0.100),
(1594,1115,NULL,0,130.00,'Candia',110.00,1.000),
(1595,1115,NULL,0,100.00,'قاطو',70.00,1.000),
(1596,1115,195,0,240.00,'Optilla 350g',35.00,1.000),
(1597,1116,NULL,0,250.00,'مغارف ذهبي',50.00,1.000),
(1598,1117,NULL,0,200.00,'تحت باتيسري باكي',50.00,1.000),
(1599,1119,NULL,0,150.00,'باطة حمرا',0.00,1.000),
(1600,1120,NULL,0,170.00,'Disque',20.00,4.000),
(1601,1121,NULL,0,110.00,'مارغارين ماني',20.00,2.000),
(1602,1121,202,0,1000.00,'فانيلا',450.00,0.200),
(1603,1121,NULL,0,80.00,'مزهر',10.00,1.000),
(1604,1122,NULL,0,110.00,'فرينة ماما',20.00,2.000),
(1605,1122,202,0,1000.00,'فانيلا',450.00,0.100),
(1606,1123,NULL,0,230.00,'Ambasadeur',0.00,1.000),
(1607,1123,202,0,1000.00,'فانيلا',450.00,0.050),
(1608,1124,NULL,0,650.00,'سيلوفان',0.00,1.000),
(1609,1125,NULL,0,50.00,'غلاف',0.00,1.000),
(1610,1127,183,0,1084.30,'نواة كوكو',444.30,0.083),
(1611,1128,NULL,0,45.00,'كاوكاو ابيض',0.00,1.000),
(1617,1134,186,0,2300.00,'لوز احمر ',200.00,0.052),
(1618,1135,NULL,0,150.00,'باطة حمرا',0.00,1.000),
(1619,1136,NULL,0,10.00,'موتيف ذهبي',0.00,15.000),
(1620,1136,NULL,0,130.00,'سكر غلاسي',0.00,1.000),
(1621,1136,NULL,0,200.00,'وجدان نواسات',0.00,1.000),
(1622,1136,189,0,20.00,'ملون ابيض',10.00,1.000),
(1623,1137,231,0,1000.00,'شانتيي',420.00,0.150),
(1624,1138,NULL,0,70.00,'ساشي كونجيلاسيون كبار',0.00,2.000),
(1625,1139,202,0,700.00,'فانيلا',150.00,0.143),
(1626,1140,218,0,40.00,'Boite patisserie 48H',12.00,3.000),
(1627,1141,NULL,0,850.00,'موول حديد كعيكعات',0.00,1.000),
(1628,1142,NULL,0,200.00,'عسيلة المرجان',0.00,1.000),
(1629,1142,NULL,0,100.00,'مارغارين فلوريال',0.00,1.000),
(1630,1142,NULL,0,280.00,'سمن مدينة',0.00,1.000),
(1631,1143,NULL,0,30.00,'ملون وردي',0.00,1.000),
(1632,1144,NULL,0,150.00,'بايط حمورا كبار',0.00,1.000),
(1633,1144,217,0,60.00,'كيسات 12/15',27.50,2.000),
(1634,1145,186,0,2300.00,'لوز احمر ',200.00,0.043),
(1635,1146,187,0,2400.00,'لوز ابيض',200.00,0.083),
(1636,1148,217,0,50.00,'كيسات 12/15',17.50,2.000),
(1637,1149,188,0,800.00,'كاوكاو ايفيلي',400.00,0.450),
(1638,1150,NULL,0,80.00,'دراجي',0.00,1.000),
(1639,1151,220,0,30.00,'Boite plastique 750cc',12.50,7.000),
(1640,1152,NULL,0,150.00,'جولي',0.00,1.000),
(1641,1153,NULL,0,110.00,'دونتال بيوضا',0.00,1.000),
(1642,1154,231,0,1000.00,'شانتيي',420.00,0.100),
(1643,1154,NULL,0,250.00,'ساشي حفلات',0.00,1.000),
(1644,1155,186,0,2300.00,'لوز احمر ',200.00,0.170),
(1645,1155,NULL,0,430.00,'مرجان تارتيني',0.00,1.000),
(1646,1156,NULL,0,20.00,'Sache poubelle',0.00,10.000),
(1647,1157,NULL,0,100.00,'Arome',0.00,2.000),
(1648,1158,187,0,2400.00,'لوز ابيض',200.00,0.083),
(1649,1158,218,0,50.00,'Boite patisserie 48H',22.00,2.000),
(1650,1159,NULL,0,100.00,'قوبلي',0.00,1.000),
(1651,1160,NULL,0,250.00,'ساشيات اطفال',0.00,1.000),
(1652,1161,NULL,0,50.00,'كيسات مقروط',0.00,1.000),
(1653,1162,217,0,60.00,'كيسات 12/15',27.50,1.000),
(1654,1162,NULL,0,60.00,'كيسات',0.00,1.000),
(1655,1163,NULL,0,200.00,'سمن المرجان',30.00,1.000),
(1656,1164,NULL,0,150.00,'باطة حمرا كبيرة',30.00,1.000),
(1657,1165,226,0,200.00,'كارط ميزان',30.00,1.000),
(1658,1166,NULL,0,500.00,'فرميسال شيكولة',370.00,0.200),
(1659,1166,NULL,0,600.00,'فارميسال ملونة',300.00,0.166),
(1660,1166,NULL,0,130.00,'سكر غلاسي',30.00,1.000),
(1672,1169,NULL,0,1360.00,'مشترية دين',250.00,1.000),
(1673,1170,221,0,35.00,'Boite plastique 1000cc',16.50,4.000),
(1674,1171,NULL,0,100.00,'طباسا جوتابل',0.00,1.000),
(1675,1172,210,0,40.00,'Boite patisserie 48',18.00,2.000),
(1676,1173,NULL,0,80.00,'سميد',0.00,1.000),
(1677,1174,NULL,0,200.00,'مرجان',0.00,1.000),
(1678,1174,NULL,0,130.00,'سكر غلاسي',0.00,1.000),
(1679,1175,NULL,0,240.00,'ساشي حفلات',0.00,1.000),
(1680,1175,NULL,0,160.00,'طباسا جوتابل',0.00,1.000),
(1681,1176,NULL,0,110.00,'فرينة ماما',20.00,3.000),
(1682,1176,NULL,0,300.00,'غلاساج المرجان',30.00,1.000),
(1683,1176,231,0,1000.00,'شانتيي',420.00,0.200),
(1684,1176,NULL,0,120.00,'سكر غلاسي',10.00,1.000),
(1685,1176,NULL,0,120.00,'عسيلة المرجان',20.00,1.000),
(1686,1176,NULL,0,240.00,'توفيا كراميل',20.00,1.000),
(1687,1176,NULL,0,40.00,'موول حديد',15.00,1.000),
(1688,1176,NULL,0,110.00,'مزهر',20.00,1.000),
(1689,1176,NULL,0,100.00,'مارغارين ماني',15.00,2.000),
(1690,1176,NULL,0,440.00,'سمن',20.00,1.000),
(1691,1176,NULL,0,200.00,'مايزينة',70.00,0.500),
(1692,1176,NULL,0,50.00,'كيسات مقروط',20.00,2.000),
(1693,1177,NULL,0,100.00,'Arome',20.00,1.000),
(1694,1178,202,0,1000.00,'فانيلا',450.00,0.200),
(1695,1179,NULL,0,160.00,'طباسا جوتابل',0.00,2.000),
(1696,1180,NULL,0,60.00,'كيسات بقلاوة',0.00,1.000),
(1697,1181,NULL,0,50.00,'',0.00,1.000),
(1698,1182,NULL,0,50.00,'كاكاو اسود',5.00,1.000),
(1699,1183,202,0,700.00,'فانيلا',150.00,0.050),
(1700,1184,218,0,50.00,'Boite patisserie 48H',22.00,4.000),
(1701,1185,227,0,150.00,'عجينة السكر',40.00,1.000),
(1702,1186,209,0,35.00,'Boite patisserie 36',16.00,2.000),
(1703,1186,208,0,20.00,'Boite patisserie 24',2.00,1.000),
(1704,1186,NULL,0,130.00,'سكر غلاسي',0.00,1.000),
(1705,1187,217,0,60.00,'كيسات 12/15',27.50,1.000),
(1707,1189,202,0,1000.00,'فانيلا',450.00,0.100),
(1708,1189,NULL,0,130.00,'سكر غلاسي',0.00,1.000),
(1709,1190,218,0,40.00,'Boite patisserie 48H',12.00,1.000),
(1710,1190,210,0,50.00,'Boite patisserie 48',28.00,1.000),
(1711,1191,NULL,0,500.00,'مستحلب الليمون',0.00,1.000),
(1712,1191,202,0,1000.00,'فانيلا',450.00,0.100),
(1713,1191,NULL,0,400.00,'بلاطو 8',0.00,1.000),
(1714,1192,NULL,0,75.00,'دراجي',0.00,1.000),
(1715,1193,NULL,0,200.00,'مايزينة',0.00,0.200),
(1716,1193,NULL,0,1800.00,'كاكاو',0.00,0.027),
(1717,1194,NULL,0,250.00,'غلاساج وجدان',20.00,2.000),
(1718,1194,202,0,800.00,'فانيلا',250.00,0.050),
(1719,1194,240,0,100.00,'مارغارين لابال 250غ',15.00,3.000),
(1720,1194,NULL,0,240.00,'توفيا كراميل',30.00,1.000),
(1721,1194,NULL,0,140.00,'موتيف عجينة السكر',50.00,1.000),
(1722,1194,NULL,0,80.00,'موول حديد',30.00,1.000),
(1723,1196,243,0,200.00,'مارغارين ديما 500غ',0.00,1.000),
(1724,1197,NULL,0,150.00,'فيميجان',0.00,1.000),
(1725,1198,206,0,100.00,'ساشيات 5كغ ',5.00,2.000),
(1726,1199,202,0,1000.00,'فانيلا',450.00,0.200),
(1727,1199,NULL,0,150.00,'Fondant',40.00,1.000),
(1728,1199,NULL,0,145.00,'Oplinne',25.00,2.000),
(1729,1199,NULL,0,50.00,'Pauche',15.00,1.000),
(1730,1199,NULL,0,260.00,'وجدان حليب',30.00,1.000),
(1731,1200,NULL,0,50.00,'كيسات بقلاوة صغار',0.00,2.000),
(1732,1200,NULL,0,110.00,'دونتال 4.5',0.00,1.000),
(1733,1201,NULL,0,80.00,'سميد متوسط',0.00,1.000),
(1734,1202,202,0,1000.00,'فانيلا',450.00,0.100),
(1735,1202,NULL,0,110.00,'مزهر',20.00,1.000),
(1736,1203,NULL,0,130.00,'سكر غلاسي',0.00,1.000),
(1737,1203,244,0,100.00,'مارغارين ماني 250غ',0.00,1.000),
(1738,1203,NULL,0,260.00,'وجدان حليب',0.00,1.000),
(1739,1203,231,0,1000.00,'شانتيي',420.00,0.200),
(1740,1203,NULL,0,50.00,'Pauche',0.00,1.000),
(1741,1204,NULL,0,100.00,'؟',0.00,1.000),
(1742,1204,NULL,0,110.00,'؟',0.00,1.000),
(1743,1204,NULL,0,230.00,'توفيا كراميل',0.00,1.000),
(1744,1204,NULL,0,110.00,'دونتال 4.5',0.00,1.000),
(1745,1205,NULL,0,150.00,'Oplinne',0.00,2.000),
(1746,1207,NULL,0,50.00,'كيسات',0.00,1.000),
(1747,1207,NULL,0,50.00,'كاكاو',0.00,1.000),
(1748,1207,NULL,0,50.00,'Faux pistache',0.00,1.000),
(1749,1208,NULL,0,300.00,'؟',0.00,1.000),
(1750,1209,NULL,0,110.00,'دونتال 4.5',0.00,1.000),
(1751,1209,NULL,0,240.00,'توفيا كراميل',0.00,1.000),
(1752,1210,NULL,0,35.00,'دين مشترية',0.00,1.000),
(1753,1211,NULL,0,60.00,'كونجيلاسيون ساشي',0.00,1.000),
(1754,1212,NULL,0,50.00,'دين',0.00,1.000),
(1755,1213,NULL,0,50.00,'كاكاو',0.00,1.000),
(1756,1214,187,0,2222.00,'لوز ابيض',22.00,0.225),
(1760,1216,NULL,0,230.00,'معجنات',0.00,1.000),
(1761,1216,NULL,0,150.00,'فيميجان',0.00,1.000),
(1762,1217,NULL,0,50.00,'Pauche',0.00,1.000),
(1763,1217,NULL,0,150.00,'Doue',0.00,1.000),
(1764,1218,225,0,1500.00,'Boite raib sghar',600.00,0.040),
(1765,1219,202,0,1000.00,'فانيلا',450.00,0.030),
(1766,1220,NULL,0,110.00,'دونتال',0.00,2.000),
(1767,1221,225,0,1500.00,'Boite raib sghar',600.00,0.040),
(1768,1222,NULL,0,120.00,'قوفريط',0.00,1.000),
(1769,1223,226,0,220.00,'كارط ميزان',50.00,0.909),
(1770,1224,NULL,0,850.00,'مرجان تارتيني بيضاء 700غ',70.00,1.000),
(1771,1224,NULL,0,600.00,'موول ماجيك مربع',100.00,1.000),
(1772,1224,NULL,0,800.00,'موول ماجيك مدور',50.00,2.000),
(1773,1224,NULL,0,400.00,'موول اسود سيليكون',50.00,1.000),
(1774,1224,NULL,0,420.00,'مرجان تارتيني صغيرة',50.00,1.000),
(1775,1224,NULL,0,180.00,'معجون الفراولة',30.00,1.000),
(1776,1225,NULL,0,130.00,'ملون',40.00,1.000),
(1777,1226,NULL,0,150.00,'Fondant',30.00,1.000),
(1778,1227,NULL,0,95.00,'عسيلة الوجدان',5.00,1.000),
(1779,1227,NULL,0,20.00,'ساشي',5.00,1.000),
(1780,1228,NULL,0,200.00,'عسيلة المرجان 1كغ',25.00,1.000),
(1781,1230,NULL,0,50.00,'فارميسال',25.00,1.000),
(1782,1230,NULL,0,100.00,'مايزينة',40.00,1.000),
(1783,1230,NULL,0,7.50,'سكر فانيلا',3.00,2.000),
(1787,1236,NULL,0,50.00,'دراجي',15.00,1.000),
(1788,1238,NULL,0,190.00,'لابال',20.00,1.000),
(1789,1238,NULL,0,20.00,'يربطو بيهن',5.00,5.000),
(1790,1238,202,0,1000.00,'فانيلا',450.00,0.100),
(1791,1238,NULL,0,100.00,'سنيوة',20.00,1.000),
(1792,1239,NULL,0,150.00,'ورق قوفريط',30.00,4.000),
(1793,1239,NULL,0,200.00,'مول سيليكون ',50.00,1.000),
(1794,1240,NULL,0,110.00,'دونتال 4.5',30.00,2.000),
(1795,1240,217,0,60.00,'كيسات 12/15',27.50,1.000),
(1796,1241,NULL,0,200.00,'عسيلة المرجان ١كغ',20.00,1.000),
(1797,1242,NULL,0,200.00,'شوكاس غلاساج',0.00,2.000),
(1798,1243,NULL,0,200.00,'Faux pistache',0.00,1.000),
(1799,1244,NULL,0,50.00,'خيط ابيض',0.00,1.000),
(1800,1245,NULL,0,140.00,'ورد عجينة السكر',0.00,1.000),
(1801,1245,NULL,0,110.00,'ورد عجينة السكر',0.00,1.000),
(1802,1245,NULL,0,50.00,'ورد',0.00,1.000),
(1803,1246,NULL,0,50.00,'ورد',0.00,4.000),
(1804,1247,NULL,0,150.00,'طباسا جوتابل',0.00,1.000),
(1805,1247,NULL,0,100.00,'قوبلي',0.00,1.000),
(1806,1248,NULL,0,90.00,'ماكاو',0.00,2.000),
(1807,1248,NULL,0,240.00,'توفيا كراميل',0.00,1.000),
(1808,1248,NULL,0,200.00,'بديل الشوكولا قارص',0.00,1.000),
(1809,1248,NULL,0,350.00,'غلاساج دادا',0.00,1.000),
(1810,1248,NULL,0,40.00,'فلان شيكولة',0.00,4.000),
(1811,1249,NULL,0,200.00,'؟',0.00,1.000),
(1812,1250,189,0,20.00,'ملون ابيض',15.00,2.000),
(1813,1251,226,0,220.00,'كارط ميزان',50.00,0.227),
(1814,1252,195,0,240.00,'Optilla 350g',35.00,1.000),
(1815,1253,218,0,50.00,'Boite patisserie 48H',22.00,2.000),
(1816,1254,NULL,0,250.00,'ساشي اطفال كبير',0.00,1.000),
(1817,1255,NULL,0,60.00,'موول حديد',0.00,1.000),
(1819,1257,NULL,0,20.00,'ملون ابيض',0.00,4.000),
(1820,1258,183,0,1200.00,'نواة كوكو',300.00,0.041),
(1821,1258,261,0,10.00,'خمارة الحلوة نوارة',2.50,4.000),
(1822,1258,NULL,0,10.00,'موتيف',0.00,1.000),
(1823,1259,231,0,1000.00,'شانتيي',420.00,0.100),
(1824,1260,207,0,15.00,'Boite patisserie 8',6.50,1.000),
(1825,1260,207,0,15.00,'Boite patisserie 8',6.50,9.000),
(1826,1260,217,0,50.00,'كيسات 12/15',17.50,1.000),
(1827,1261,217,0,50.00,'كيسات 12/15',17.50,1.000),
(1828,1262,185,0,350.00,'كاوكاو احمر',70.00,0.228),
(1829,1263,231,0,700.00,'شانتيي',120.00,0.600),
(1830,1263,NULL,0,180.00,'تحت باتيسري',30.00,1.000),
(1831,1264,NULL,0,120.00,'مغارف',40.00,1.000),
(1832,1265,NULL,0,40.00,'جيلاتين',0.00,1.000),
(1833,1266,NULL,0,550.00,'باطة طمينة',100.00,1.000),
(1834,1266,224,0,33.33,'Boite aliminuim',13.58,3.000),
(1835,1267,NULL,0,230.00,'Ambasadeur',40.00,1.000),
(1836,1268,202,0,1000.00,'فانيلا',450.00,0.100),
(1837,1269,211,0,70.00,'ساشيات خبز',25.00,1.000),
(1838,1270,NULL,0,100.00,'فلوريال',15.00,5.000),
(1839,1272,195,0,240.00,'Optilla 350g',35.00,1.000),
(1840,1272,NULL,0,100.00,'فلوريال',0.00,1.000),
(1841,1272,NULL,0,40.00,'40',0.00,4.000),
(1842,1273,202,0,800.00,'فانيلا',450.00,0.100),
(1843,1273,NULL,0,100.00,'Arome',20.00,1.000),
(1844,1274,202,0,800.00,'فانيلا',250.00,0.025),
(1845,1275,250,0,400.00,'كاوكاو ابيض',30.00,4.850),
(1846,1276,227,0,150.00,'عجينة السكر',40.00,1.000),
(1847,1277,231,0,700.00,'شانتيي',120.00,0.600),
(1848,1278,NULL,0,600.00,'تاكوس',500.00,1.000),
(1849,1279,213,0,750.00,'Boite pizza',100.00,1.000),
(1850,1280,NULL,0,17.00,'موول دزيريات',0.00,10.000),
(1851,1280,186,0,2350.00,'لوز احمر ',50.00,0.085),
(1852,1280,NULL,0,50.00,'طابع',0.00,1.000),
(1853,1280,202,0,800.00,'فانيلا',250.00,0.062),
(1854,1280,183,0,1200.00,'نواة كوكو',300.00,0.083),
(1855,1280,NULL,0,95.00,'سكر',0.00,2.000),
(1856,1280,NULL,0,130.00,'سكر غلاسي',0.00,1.000),
(1857,1281,189,0,20.00,'ملون ابيض',5.00,2.000),
(1858,1282,250,0,0.00,'كاوكاو ابيض',-370.00,0.150),
(1859,1283,NULL,0,120.00,'فراشط',0.00,1.000),
(1860,1283,NULL,0,100.00,'طباسا جوتابل',0.00,1.000),
(1861,1284,NULL,0,240.00,'توفيا',0.00,1.000),
(1862,1285,249,0,1450.00,'جوز',50.00,0.137),
(1863,1286,187,0,2450.00,'لوز ابيض',55.00,0.081),
(1864,1287,249,0,1450.00,'جوز',50.00,0.137),
(1865,1287,186,0,2350.00,'لوز احمر ',50.00,0.085),
(1866,1288,268,0,130.00,'دونتال عسلي 5.5',20.00,1.000),
(1867,1289,202,0,600.00,'فانيلا',50.00,0.166),
(1868,1290,NULL,0,150.00,'Doué',0.00,1.000),
(1869,1290,NULL,0,300.00,'Pauche',0.00,1.000),
(1870,1291,NULL,0,120.00,'ديكور عجينة السكر',0.00,2.000),
(1871,1291,NULL,0,110.00,'فرينة ماما',0.00,2.000),
(1872,1291,NULL,0,130.00,'سكر غلاسي',0.00,1.000),
(1873,1291,231,0,1000.00,'شانتيي',420.00,0.100),
(1874,1292,202,0,800.00,'فانيلا',250.00,0.125),
(1875,1292,261,0,10.00,'خمارة الحلوة نوارة',2.50,4.000),
(1876,1293,NULL,0,150.00,'جوتابل',0.00,1.000),
(1877,1294,NULL,0,10.00,'موتيف عمرة',0.00,25.000),
(1878,1294,267,0,110.00,'دونتال عسلي 4.5',20.00,1.000),
(1879,1294,NULL,0,40.00,'كيسات',0.00,1.000),
(1880,1295,220,0,28.57,'Boite plastique 750cc',11.07,14.000),
(1881,1296,NULL,0,120.00,'ديكور عجينة السكر',35.00,2.000),
(1882,1297,NULL,0,200.00,'سمن المرجان',30.00,1.000),
(1883,1298,NULL,0,30.00,'Pauche',15.00,1.000),
(1884,1299,249,0,1450.00,'جوز',50.00,0.137),
(1885,1299,186,0,2350.00,'لوز احمر ',50.00,0.042),
(1886,1300,NULL,0,250.00,'موتيف',50.00,1.000),
(1887,1300,268,0,130.00,'دونتال عسلي 5.5',20.00,1.000),
(1888,1301,NULL,0,120.00,'ديكور عجينة السكر',35.00,1.000),
(1889,1301,NULL,0,150.00,'ديكور عجينة السكر',35.00,1.000),
(1890,1301,249,0,1450.00,'جوز',50.00,0.137),
(1891,1301,NULL,0,150.00,'دراجي',20.00,1.000),
(1892,1302,NULL,0,500.00,'دين مشترية',0.00,1.000),
(1893,1303,NULL,0,1800.00,'كاكاو',800.00,0.027),
(1894,1304,NULL,0,100.00,'Coupe pate',0.00,1.000),
(1895,1304,NULL,0,130.00,'مول معمول',0.00,1.000),
(1896,1305,NULL,0,240.00,'توفيا كراميل',0.00,1.000),
(1897,1305,NULL,0,150.00,'ديكور عجينة',0.00,1.000),
(1898,1305,246,0,100.00,'مارغارين فلوريال',15.00,2.000),
(1899,1305,NULL,0,45.00,' موول المنيوم',0.00,2.000),
(1900,1305,NULL,0,50.00,'Pauche',0.00,1.000),
(1901,1305,NULL,0,100.00,'بانسو 8',0.00,1.000),
(1902,1305,NULL,0,150.00,'Doue',0.00,1.000),
(1903,1305,NULL,0,300.00,'Pauche',0.00,1.000),
(1904,1306,NULL,0,150.00,'طباسا جوتابل',0.00,1.000),
(1905,1306,NULL,0,20.00,'ساشي بوبال',0.00,3.000),
(1906,1307,NULL,0,50.00,'كارط',0.00,1.000),
(1907,1307,NULL,0,120.00,'شيكولة',0.00,1.000),
(1908,1308,NULL,0,300.00,'غلاساج مرجان',0.00,1.000),
(1909,1309,217,0,60.00,'كيسات 12/15',27.50,1.000),
(1910,1309,195,0,240.00,'Optilla 350g',35.00,1.000),
(1911,1309,NULL,0,240.00,'توفيا',0.00,1.000),
(1912,1309,NULL,0,200.00,'غلاساج',0.00,1.000),
(1913,1309,NULL,0,100.00,'حبيبات الشيكولة بيضاء',0.00,1.000),
(1914,1309,NULL,0,200.00,'موول قلب',0.00,1.000),
(1915,1310,261,0,10.00,'خمارة الحلوة نوارة',2.50,1.000),
(1919,1313,NULL,0,40.00,'كيسات',0.00,1.000),
(1920,1314,249,0,1450.00,'جوز',50.00,0.068),
(1921,1314,186,0,2350.00,'لوز احمر ',50.00,0.042),
(1922,1314,NULL,0,60.00,'كاكاو',0.00,1.000),
(1923,1315,NULL,0,50.00,'',0.00,1.000),
(1924,1316,NULL,0,100.00,'?',0.00,1.000),
(1925,1316,NULL,0,50.00,'رقم',0.00,1.000),
(1926,1316,NULL,0,200.00,'بالون',0.00,1.000),
(1927,1317,231,0,1000.00,'شانتيي',420.00,0.200),
(1928,1318,NULL,0,130.00,'سكر غلاسي',0.00,1.000),
(1929,1318,NULL,0,100.00,'ورق دونتال',0.00,1.000),
(1930,1319,NULL,0,50.00,'Faux pistache',0.00,1.000),
(1931,1320,221,0,33.33,'Boite plastique 1000cc',14.83,9.000),
(1932,1321,NULL,0,250.00,'سنيوة حديد',0.00,1.000),
(1933,1322,NULL,0,50.00,'رقم',0.00,1.000),
(1934,1323,NULL,0,200.00,'Cup cake',0.00,1.000),
(1935,1324,202,0,800.00,'فانيلا',250.00,0.062),
(1936,1324,NULL,0,50.00,'كيسات صغار',0.00,2.000),
(1937,1325,202,0,800.00,'فانيلا',250.00,0.062),
(1938,1325,NULL,0,60.00,'مايزينة',0.00,1.000),
(1939,1325,NULL,0,110.00,'فرينة ماما',0.00,1.000),
(1940,1325,NULL,0,150.00,'جولي',0.00,1.000),
(1941,1325,246,0,100.00,'مارغارين فلوريال',15.00,1.000),
(1942,1326,231,0,930.00,'شانتيي',350.00,0.215),
(1943,1327,222,0,50.00,'Boite plastique 2000cc',20.00,2.000),
(1944,1328,NULL,0,550.00,'باطة قاطو',0.00,1.000),
(1945,1329,267,0,110.00,'دونتال عسلي 4.5',20.00,1.000),
(1946,1330,187,0,2450.00,'لوز ابيض',55.00,0.204),
(1947,1331,NULL,0,50.00,'كيسات ذهبي',0.00,1.000),
(1948,1333,NULL,0,50.00,'؟',0.00,1.000),
(1949,1335,NULL,0,250.00,'ساشيات ماييس',0.00,1.000),
(1951,1337,268,0,130.00,'دونتال عسلي 5.5',20.00,1.000),
(1952,1338,211,0,60.00,'ساشيات خبز',15.00,1.000),
(1953,1338,NULL,0,40.00,'Pauche',5.00,1.000),
(1954,1339,NULL,0,100.00,'حبيبات الشيكولة',35.00,1.000),
(1955,1339,246,0,100.00,'مارغارين فلوريال',15.00,1.000),
(1956,1340,187,0,2350.00,'لوز ابيض',-45.00,0.500),
(1957,1340,249,0,1450.00,'جوز',50.00,0.500),
(1958,1340,265,0,450.00,'سمن مدينة 900غ',30.00,1.000),
(1959,1340,NULL,0,200.00,'عسيلة المرجان',30.00,1.000),
(1960,1341,249,0,1450.00,'جوز',50.00,0.137),
(1961,1342,267,0,100.00,'دونتال عسلي 4.5',10.00,1.000),
(1962,1343,231,0,1000.00,'شانتيي',420.00,0.200),
(1963,1344,NULL,0,100.00,'فارميسال ملونة',0.00,1.000),
(1964,1345,NULL,0,50.00,'بابيي',0.00,1.000),
(1965,1346,NULL,0,140.00,'Doué',25.00,1.000),
(1966,1347,231,0,1000.00,'شانتيي',420.00,0.100),
(1967,1347,NULL,0,10.00,'سكر فانيلا',3.00,2.000),
(1968,1347,261,0,10.00,'خمارة الحلوة نوارة',2.50,2.000),
(1969,1349,NULL,0,180.00,'Transfert',0.00,1.000),
(1970,1349,NULL,0,8.40,'موتيف',0.00,25.000),
(1971,1349,NULL,0,130.00,'دونتال 5.5',0.00,2.000),
(1972,1351,246,0,100.00,'مارغارين فلوريال',15.00,2.000),
(1973,1351,261,0,10.00,'خمارة الحلوة نوارة',2.50,3.000),
(1974,1352,217,0,50.00,'كيسات 12/15',17.50,1.000),
(1975,1352,270,0,130.00,'دونتال ابيض سامبل 5.5',20.00,1.000),
(1976,1353,231,0,800.00,'شانتيي',220.00,0.312),
(1977,1354,NULL,0,100.00,'دراجي',25.00,1.000),
(1978,1355,NULL,0,190.00,'كارط',40.00,1.052),
(1979,1356,231,0,1000.00,'شانتيي',420.00,0.200),
(1980,1356,NULL,0,85.00,'Doué',0.00,1.000),
(1981,1357,188,0,800.00,'كاوكاو ايفيلي',400.00,0.187),
(1982,1357,246,0,100.00,'مارغارين فلوريال',15.00,1.000),
(1983,1359,261,0,10.00,'خمارة الحلوة نوارة',2.50,2.000),
(1984,1360,187,0,2400.00,'لوز ابيض',5.00,0.137),
(1985,1360,187,0,2400.00,'لوز ابيض',5.00,0.008),
(1986,1361,NULL,0,490.00,'؟',0.00,1.000),
(1990,1364,195,0,240.00,'Optilla 350g',35.00,1.000),
(1991,1364,185,0,350.00,'كاوكاو احمر',70.00,0.228),
(1992,1364,NULL,0,10.00,'اخرى',0.00,1.000),
(1993,1365,NULL,0,150.00,'دونتال كبيرة',0.00,1.000),
(1994,1366,NULL,0,110.00,'سميد',0.00,1.000),
(1995,1368,261,0,10.00,'خمارة الحلوة نوارة',2.50,5.000),
(1996,1368,231,0,800.00,'شانتيي',220.00,0.625),
(1997,1369,267,0,100.00,'دونتال عسلي 4.5',10.00,1.000),
(1998,1369,NULL,0,50.00,'كيسات ذهبي',0.00,1.000),
(1999,1370,NULL,0,55.00,'كيسات',0.00,1.000),
(2000,1372,260,0,150.00,'زبدة اوبلين',30.00,1.000),
(2001,1372,NULL,0,110.00,'فرينة ماما',0.00,1.000),
(2002,1372,NULL,0,230.00,'غلاساج التاج',0.00,1.000),
(2003,1374,NULL,0,130.00,'غوبلي',0.00,1.000),
(2004,1375,NULL,0,100.00,'طباسا جوتابل',0.00,1.000),
(2005,1375,NULL,0,120.00,'فراشط',0.00,1.000),
(2006,1375,NULL,0,250.00,'ساشيات اطفال',0.00,1.000),
(2007,1375,NULL,0,50.00,'Serviette',0.00,1.000),
(2008,1376,NULL,0,250.00,'7 مول حديد',0.00,1.000),
(2009,1376,246,0,100.00,'مارغارين فلوريال',15.00,1.000),
(2010,1377,NULL,0,120.00,'عسيلة رطل',0.00,1.000),
(2011,1377,NULL,0,200.00,'عسيلة ١كغ',0.00,1.000),
(2012,1377,NULL,0,60.00,'كيسات بقلاوة',0.00,1.000),
(2013,1377,NULL,0,50.00,'كوردو',0.00,1.000),
(2014,1378,268,0,130.00,'دونتال عسلي 5.5',20.00,1.000),
(2015,1379,NULL,0,100.00,'كاكاو',0.00,1.000),
(2016,1379,NULL,0,190.00,'مايزينة',0.00,1.000),
(2017,1379,NULL,0,130.00,'سكر غلاسي',0.00,1.000),
(2018,1380,218,0,50.00,'Boite patisserie 48H',22.00,3.000),
(2019,1381,NULL,0,50.00,'Pauche',0.00,1.000),
(2020,1382,NULL,0,280.00,'مرجان',0.00,2.000),
(2021,1382,189,0,20.00,'ملون ابيض',5.00,2.000),
(2022,1383,NULL,0,355.00,'؟',0.00,1.000),
(2023,1384,NULL,0,350.00,'فرميسال',220.00,0.457),
(2024,1385,249,0,1450.00,'جوز',50.00,0.086),
(2025,1386,267,0,110.00,'دونتال عسلي 4.5',20.00,1.000),
(2026,1387,213,0,750.00,'Boite pizza',100.00,1.000),
(2027,1388,NULL,0,230.00,'غلاساج التاج',30.00,3.000),
(2028,1388,194,0,150.00,'Optilla 200g',25.00,1.000),
(2029,1388,NULL,0,50.00,'Pauche',0.00,1.000),
(2030,1388,210,0,40.00,'Boite patisserie 48',18.00,1.000),
(2031,1388,218,0,50.00,'Boite patisserie 48H',22.00,1.000),
(2032,1389,NULL,0,50.00,'فرميسال شيكولة',25.00,1.000),
(2033,1390,NULL,0,10.00,'Levure',2.50,5.000),
(2034,1392,NULL,0,40.00,'Pauche',10.00,2.000),
(2035,1393,NULL,0,800.00,'سارسو حديد',100.00,1.000),
(2036,1393,195,0,240.00,'Optilla 350g',35.00,1.000),
(2037,1393,NULL,0,240.00,'توفيا كراميل',30.00,1.000),
(2038,1394,NULL,0,200.00,'Faux pustache',70.00,1.000),
(2039,1396,182,0,1000.00,'جلجلان',450.00,0.085),
(2040,1396,188,0,800.00,'كاوكاو ايفيلي',400.00,0.131),
(2041,1397,188,0,600.00,'كاوكاو ايفيلي',200.00,0.116),
(2043,1399,194,0,150.00,'Optilla 200g',25.00,1.000),
(2044,1400,NULL,0,240.00,'توفيا كراميل',30.00,1.000),
(2045,1400,NULL,0,200.00,'غلاساج اسود',30.00,1.000),
(2046,1401,210,0,40.00,'Boite patisserie 48',18.00,2.000),
(2047,1402,NULL,0,130.00,'سكر غلاسي',30.00,3.000),
(2048,1402,270,0,110.00,'دونتال ابيض سامبل 5.5',20.00,1.000),
(2049,1402,268,0,130.00,'دونتال عسلي 5.5',20.00,1.000),
(2050,1403,182,0,900.00,'جلجلان',350.00,0.055),
(2051,1403,231,0,800.00,'شانتيي',220.00,0.375),
(2052,1403,209,0,25.00,'Boite patisserie 36',6.00,1.000),
(2053,1403,217,0,45.00,'كيسات 12/15',12.50,1.000),
(2054,1404,NULL,0,50.00,'موول حديد',15.00,3.000),
(2055,1405,210,0,40.00,'Boite patisserie 48',18.00,2.000),
(2056,1406,NULL,0,50.00,'Serviette',15.00,1.000),
(2057,1406,NULL,0,150.00,'فيميجان',50.00,1.000),
(2058,1406,NULL,0,100.00,'طباسا جوتابل',30.00,1.000),
(2059,1407,NULL,0,100.00,'مرغارين لابال',0.00,1.000),
(2061,1409,186,0,2350.00,'لوز احمر ',50.00,0.127),
(2062,1410,249,0,1450.00,'جوز',50.00,0.051),
(2063,1411,NULL,0,450.00,'Pauche',100.00,1.000),
(2064,1412,232,0,1800.00,'كاكاو بني',950.00,0.055),
(2065,1412,NULL,0,250.00,'مايزينة',100.00,0.200),
(2066,1412,NULL,0,200.00,'مارغارين ديما',25.00,0.000),
(2070,1416,272,0,130.00,'دونتال ابيض منقط 5.5',20.00,1.000),
(2071,1417,NULL,0,240.00,'توفيا',30.00,1.000),
(2072,1417,NULL,0,30.00,'موول',15.00,1.000),
(2073,1417,261,0,10.00,'خمارة الحلوة نوارة',2.50,3.000),
(2074,1418,261,0,10.00,'خمارة الحلوة نوارة',2.50,2.000),
(2075,1419,NULL,0,45.00,'ورد',15.00,6.000),
(2076,1419,NULL,0,30.00,'ورد',10.00,2.000),
(2077,1420,NULL,0,225.00,'ساشيات اطفال',55.00,2.000),
(2078,1421,NULL,0,180.00,'بابيي',30.00,1.000),
(2079,1421,218,0,50.00,'Boite patisserie 48H',22.00,1.000),
(2080,1422,218,0,50.00,'Boite patisserie 48H',22.00,2.000),
(2081,1422,NULL,0,50.00,'Serviette',15.00,1.000),
(2082,1423,202,0,800.00,'فانيلا',250.00,0.062),
(2083,1424,NULL,0,50.00,'كيسات',20.00,1.000),
(2085,1427,NULL,0,40.00,'',10.00,4.000),
(2086,1427,NULL,0,50.00,'',15.00,1.000),
(2087,1427,261,0,10.00,'خمارة الحلوة نوارة',2.50,2.000),
(2088,1428,NULL,0,40.00,'',10.00,1.000),
(2089,1429,232,0,1500.00,'كاكاو بني',650.00,0.033),
(2090,1430,218,0,50.00,'Boite patisserie 48H',22.00,2.000),
(2091,1431,NULL,0,50.00,'Faux pistache',15.00,1.000),
(2092,1431,232,0,1500.00,'كاكاو بني',650.00,0.066),
(2093,1431,208,0,30.00,'Boite patisserie 24',12.00,1.000),
(2094,1432,NULL,0,110.00,'دونتال احمر',30.00,1.000),
(2095,1432,NULL,0,110.00,'موتيف ذهبي',20.00,1.000),
(2096,1433,NULL,0,200.00,'دراجي',50.00,1.000),
(2097,1433,182,0,1000.00,'جلجلان',450.00,0.200),
(2098,1434,NULL,0,120.00,'عسيلة',20.00,1.000),
(2099,1434,261,0,10.00,'خمارة الحلوة نوارة',2.50,4.000),
(2100,1434,NULL,0,40.00,'موول بلاستيك',5.00,1.000),
(2101,1434,232,0,1500.00,'كاكاو بني',650.00,0.066),
(2102,1435,218,0,50.00,'Boite patisserie 48H',22.00,1.000),
(2103,1436,NULL,0,33.33,'13.33',8.33,15.000),
(2104,1436,217,0,60.00,'كيسات 12/15',27.50,2.000),
(2105,1437,NULL,0,200.00,'غلاساج',30.00,1.000),
(2106,1437,209,0,35.00,'Boite patisserie 36',16.00,1.000),
(2107,1438,NULL,0,200.00,'نبولات',50.00,1.000),
(2108,1440,270,0,130.00,'دونتال ابيض سامبل 5.5',20.00,1.000),
(2109,1441,NULL,0,50.00,'فاي دور',0.00,2.000),
(2110,1442,NULL,0,10.00,'',0.00,3.000),
(2111,1442,209,0,35.00,'Boite patisserie 36',16.00,1.000),
(2112,1442,208,0,30.00,'Boite patisserie 24',12.00,1.000),
(2113,1443,NULL,0,95.00,'مزهر',0.00,1.000),
(2114,1444,NULL,0,40.00,'',0.00,2.000),
(2115,1444,218,0,50.00,'Boite patisserie 48H',22.00,1.000),
(2116,1445,NULL,0,40.00,'تغليف شفاف',0.00,2.000),
(2117,1445,NULL,0,50.00,'',0.00,1.000),
(2118,1446,218,0,50.00,'Boite patisserie 48H',22.00,2.000),
(2119,1447,NULL,0,100.00,'طباسا جوتابل',0.00,2.000),
(2120,1448,NULL,0,50.00,'رقم',15.00,1.000),
(2121,1449,NULL,0,200.00,'غلاساج شوكاس',30.00,1.000),
(2122,1450,NULL,0,150.00,'موول مقروط',50.00,2.000),
(2131,1456,232,0,1500.00,'كاكاو بني',650.00,0.033),
(2132,1456,NULL,0,250.00,'مايزينة',100.00,0.200),
(2135,1459,252,0,90.00,'فرينة سيم 1 كغ',15.00,3.000),
(2136,1459,231,0,898.10,'شانتيي',318.10,0.167),
(2137,1459,285,0,80.00,'مزهر',12.00,1.000),
(2138,1459,NULL,0,110.00,'نابغون وردي',30.00,1.000),
(2139,1459,241,0,190.00,'مارغارين لابال 500غ',20.00,1.000),
(2140,1459,227,0,135.00,'عجينة السكر',25.00,2.000),
(2141,1459,NULL,0,80.00,'خطأ',0.00,1.000),
(2142,1459,261,0,10.00,'خمارة الحلوة نوارة',2.50,5.000),
(2143,1459,189,0,20.00,'ملون ابيض',5.00,2.000),
(2144,1459,NULL,0,350.00,'دادا حليب',30.00,1.000),
(2145,1460,217,0,60.00,'كيسات 12/15',27.50,2.000),
(2146,1460,NULL,0,130.00,'نابغون',0.00,1.000),
(2147,1460,272,0,130.00,'دونتال ابيض منقط 5.5',20.00,1.000),
(2148,1460,NULL,0,500.00,'موول حديد',0.00,1.000),
(2149,1461,261,0,10.00,'خمارة الحلوة نوارة',2.50,4.000),
(2150,1461,NULL,0,40.00,'سكر فانيلا',0.00,1.000),
(2153,1463,219,0,17.00,'Boite plastique 500cc',2.00,10.000),
(2154,1463,NULL,0,450.00,'شواية',0.00,1.000),
(2158,1466,254,0,800.00,'حلوة الترك',300.00,0.137),
(2159,1466,NULL,0,120.00,'دراجي',0.00,1.000),
(2160,1466,NULL,0,33.33,'Verine',0.00,6.000),
(2161,1467,246,0,100.00,'مارغارين فلوريال',15.00,2.000),
(2162,1467,260,0,150.00,'زبدة اوبلين',30.00,1.000),
(2163,1467,NULL,0,850.00,'نرجان تارتيني',0.00,1.000),
(2164,1467,NULL,0,250.00,'ناكري ذهبي',0.00,1.000),
(2165,1468,220,0,30.00,'Boite plastique 750cc',12.50,5.000),
(2166,1470,NULL,0,80.00,'سميد',0.00,1.000),
(2167,1470,NULL,0,90.00,'فرينة سيم',0.00,1.000),
(2168,1470,NULL,0,40.00,'خمارة',0.00,1.000),
(2169,1471,NULL,0,270.00,'غلاساج الوجدان',0.00,3.000),
(2170,1473,NULL,0,100.00,'حلوة الترك',0.00,1.000),
(2171,1473,NULL,0,50.00,'فانيلا',0.00,1.000),
(2172,1473,NULL,0,20.00,'خمارة',0.00,1.000),
(2173,1473,NULL,0,50.00,'مشوك',0.00,2.000),
(2174,1473,NULL,0,60.00,'كيسات',0.00,1.000),
(2175,1473,NULL,0,160.00,'معجون',0.00,1.000),
(2176,1473,NULL,0,100.00,'فلوريال',0.00,1.000),
(2177,1473,NULL,0,100.00,'دونتال',0.00,1.000),
(2178,1473,NULL,0,350.00,'دادا حليب',0.00,1.000),
(2179,1473,NULL,0,300.00,'موتيف',0.00,1.000),
(2180,1474,NULL,0,200.00,'كاكاو',0.00,1.000),
(2181,1475,NULL,0,220.00,'قطايف',0.00,1.000),
(2182,1478,NULL,0,250.00,'فراشط',0.00,2.000),
(2183,1478,NULL,0,140.00,'قوبلي',0.00,1.000),
(2184,1478,NULL,0,150.00,'فيميجان صغير',0.00,1.000),
(2185,1479,NULL,0,110.00,'نابغون',0.00,1.000),
(2186,1479,NULL,0,50.00,'كيسات مشوك',0.00,3.000),
(2187,1480,NULL,0,30.00,'؟',0.00,1.000),
(2188,1481,217,0,60.00,'كيسات 12/15',27.50,1.000),
(2191,1483,187,0,2390.00,'لوز ابيض',90.00,0.410),
(2192,1483,NULL,0,130.00,'سكر غلاسي الهدى',30.00,4.000),
(2193,1484,NULL,0,100.00,'فايتين',0.00,1.000),
(2194,1485,NULL,0,150.00,'كاكاو',0.00,1.000),
(2195,1486,NULL,0,275.00,'سنيوات',0.00,2.000),
(2196,1487,NULL,0,100.00,'',0.00,2.000),
(2197,1488,NULL,0,400.00,'',0.00,1.000),
(2198,1488,NULL,0,350.00,'',0.00,1.000),
(2199,1489,NULL,0,450.00,'',0.00,1.000),
(2200,1490,NULL,0,50.00,' اسود كاكاو',0.00,1.000),
(2201,1490,NULL,0,50.00,'سكر كريستال',0.00,1.000),
(2202,1490,NULL,0,150.00,'حلوة الترك',0.00,1.000),
(2203,1491,226,0,250.00,'كارط ميزان',80.00,0.800),
(2204,1492,NULL,0,400.00,'موول تارت',0.00,1.000),
(2205,1492,NULL,0,80.00,'كتاب طبخ',0.00,3.000),
(2206,1492,NULL,0,80.00,'ورق طبخ',0.00,1.000),
(2207,1492,NULL,0,100.00,'موول بلاستيك حلوة الطابع',0.00,1.000),
(2208,1493,NULL,0,250.00,'ناكري',0.00,1.000),
(2209,1494,NULL,0,100.00,'مايزينة',0.00,1.000),
(2210,1494,NULL,0,50.00,'كاكاو بني',0.00,1.000),
(2211,1494,NULL,0,100.00,'لابال',0.00,1.000),
(2212,1495,NULL,0,100.00,'دين',0.00,1.000),
(2213,1496,202,0,800.00,'فانيلا',250.00,0.125),
(2214,1497,NULL,0,200.00,'جوز',0.00,1.000),
(2215,1499,NULL,0,250.00,'تاع بطاطا',0.00,1.000),
(2216,1500,NULL,0,100.00,'جوز',0.00,1.000),
(2217,1501,243,0,200.00,'مارغارين ديما 500غ',25.00,2.000),
(2218,1502,NULL,0,150.00,'ورد',0.00,1.000),
(2219,1503,NULL,0,100.00,'كاكاو',0.00,1.000),
(2220,1504,217,0,50.00,'كيسات 12/15',17.50,3.000),
(2221,1505,NULL,0,50.00,'بابيي',0.00,1.000),
(2222,1506,NULL,0,30.00,'',0.00,1.000),
(2223,1506,NULL,0,50.00,'',0.00,1.000),
(2224,1506,NULL,0,40.00,'',0.00,1.000),
(2225,1507,222,0,50.00,'Boite plastique 2000cc',20.00,7.000),
(2226,1507,221,0,32.50,'Boite plastique 1000cc',14.00,4.000),
(2227,1509,218,0,35.00,'Boite patisserie 48H',7.00,1.000),
(2228,1509,NULL,0,15.00,'',0.00,1.000),
(2229,1510,NULL,0,100.00,'',0.00,1.000),
(2231,1513,NULL,0,150.00,'',0.00,1.000),
(2232,1513,NULL,0,200.00,'',0.00,1.000),
(2233,1514,NULL,0,350.00,'',0.00,1.000),
(2234,1515,NULL,0,100.00,'',0.00,1.000),
(2235,1516,NULL,0,530.00,'?',0.00,1.000),
(2236,1517,NULL,0,200.00,'رولو المنيوم',0.00,1.000),
(2237,1517,NULL,0,250.00,'بات فيلو',0.00,1.000),
(2238,1517,NULL,0,300.00,' ابيض كاوكاو',0.00,1.000),
(2239,1517,NULL,0,90.00,'رولو المنيوم',0.00,1.000),
(2240,1518,222,0,50.00,'Boite plastique 2000cc',20.00,6.000),
(2241,1519,270,0,130.00,'دونتال ابيض سامبل 5.5',20.00,1.000),
(2242,1520,NULL,0,300.00,'سنيوة حديد',0.00,1.000),
(2243,1521,NULL,0,350.00,'دادا',0.00,1.000),
(2244,1521,NULL,0,130.00,'كاوكاو ايفيلي',0.00,1.000),
(2245,1521,NULL,0,350.00,'كاوكاو بقشور',0.00,1.000),
(2246,1522,NULL,0,270.00,'وجدان كحلة',0.00,1.000),
(2247,1522,NULL,0,200.00,'كاوكاو ابيض',0.00,1.000),
(2248,1522,NULL,0,100.00,'حلوة الترك',0.00,1.000),
(2249,1524,NULL,0,100.00,'كاوكاو ابيض',0.00,1.000),
(2250,1525,NULL,0,200.00,'جوز',0.00,1.000),
(2251,1526,194,0,150.00,'Optilla 200g',25.00,1.000),
(2252,1527,NULL,0,250.00,'بلاطو بيتزا',0.00,1.000),
(2253,1528,220,0,30.00,'Boite plastique 750cc',12.50,3.000),
(2254,1529,246,0,95.00,'مارغارين فلوريال',10.00,2.000),
(2255,1530,NULL,0,100.00,'كاكاو',0.00,1.000),
(2256,1531,261,0,10.00,'خمارة الحلوة نوارة',2.50,10.000),
(2257,1532,188,0,0.00,'كاوكاو ايفيلي',0.00,0.616),
(2258,1533,231,0,0.00,'شانتيي',0.00,0.234),
(2259,1534,NULL,0,1175.00,'لوز احمر',0.00,1.000),
(2260,1534,NULL,0,585.00,'جوز',0.00,1.000),
(2261,1534,NULL,0,120.00,'عسيلة رطل',0.00,2.000),
(2262,1534,NULL,0,250.00,'سنيوة',0.00,1.000),
(2263,1535,NULL,0,300.00,'دراجي',0.00,1.000),
(2264,1536,NULL,0,80.00,'مزهر',0.00,1.000),
(2265,1537,NULL,0,40.00,'موول حديد',0.00,1.000),
(2266,1538,NULL,0,50.00,'فانيل',0.00,1.000),
(2267,1539,NULL,0,190.00,'لابال',0.00,1.000),
(2268,1539,NULL,0,140.00,'سكر غلاسي',0.00,1.000),
(2269,1539,NULL,0,200.00,'لافاني',0.00,1.000),
(2270,1539,NULL,0,100.00,'نواة كوكو',0.00,1.000),
(2271,1539,NULL,0,160.00,'معجون مشماش',0.00,1.000),
(2272,1539,NULL,0,100.00,'خمارة',0.00,1.000),
(2273,1539,NULL,0,200.00,'مايزينة',0.00,1.000),
(2274,1539,NULL,0,200.00,'كاكاو',0.00,1.000),
(2275,1540,NULL,0,250.00,'كارط',0.00,0.800),
(2276,1541,NULL,0,50.00,'',0.00,1.000),
(2277,1542,NULL,0,130.00,'',0.00,1.000),
(2278,1544,NULL,0,2360.00,'',0.00,1.000),
(2279,1545,NULL,0,6750.00,'',0.00,1.000),
(2280,1564,NULL,0,0.00,'',0.00,1.000),
(2281,1564,NULL,0,0.00,'',0.00,1.000),
(2282,1565,NULL,0,0.00,'',0.00,1.000),
(2283,1566,NULL,0,150.00,'Mmmm',0.00,1.000),
(2284,1566,NULL,0,150.00,'Mmmmq',0.00,1.000),
(2285,1567,NULL,0,0.00,'Jju',0.00,1.000),
(2286,1568,NULL,0,0.00,'Uuu',0.00,1.000),
(2287,1568,NULL,0,0.00,'Uuu',0.00,1.000),
(2288,1568,NULL,0,150.00,'Uuu',0.00,1.000),
(2289,1569,NULL,0,150.00,'Yyyy',0.00,5.000),
(2290,1569,NULL,0,150.00,'Yyyy',0.00,5.000),
(2291,1570,NULL,0,0.00,'Tttt',0.00,1.000),
(2292,1570,NULL,0,150.00,'Tttt',0.00,3.000),
(2293,1572,NULL,0,0.00,'',0.00,1.000),
(2294,1576,NULL,0,0.00,'',0.00,1.000),
(2295,1576,NULL,0,0.00,'',0.00,1.000),
(2296,1576,NULL,0,0.00,'',0.00,1.000),
(2297,1576,NULL,0,0.00,'',0.00,1.000),
(2298,1576,NULL,0,0.00,'',0.00,1.000),
(2299,1576,NULL,0,0.00,'',0.00,1.000),
(2300,1576,NULL,0,0.00,'',0.00,1.000),
(2301,1576,NULL,0,0.00,'',0.00,1.000),
(2302,1578,NULL,0,0.00,'Mmm',0.00,1.000),
(2303,1579,NULL,0,0.00,'',0.00,1.000),
(2304,1579,NULL,0,0.00,'',0.00,1.000),
(2305,1579,NULL,0,0.00,'',0.00,1.000),
(2306,1580,NULL,0,150.00,'Gm',0.00,1.000),
(2307,1580,NULL,0,150.00,'Gm',0.00,1.000),
(2308,1580,NULL,0,150.00,'Gm',0.00,1.000),
(2309,1581,NULL,0,150.00,'150',0.00,5.000),
(2310,1582,NULL,0,0.00,'',0.00,1.000),
(2311,1583,NULL,0,150.00,'Tth',0.00,1.000),
(2312,1584,NULL,0,0.00,'',0.00,1.000),
(2313,1585,NULL,0,0.00,'',0.00,1.000),
(2314,1596,NULL,0,150.00,'50',0.00,5.000),
(2315,1600,NULL,0,0.00,'50',0.00,1.000),
(2316,1600,NULL,0,6.00,'500',0.00,1.000),
(2317,1601,NULL,0,0.00,'44',0.00,1.000),
(2318,1602,NULL,0,0.00,'',0.00,1.000),
(2319,1602,NULL,0,0.00,'',0.00,1.000),
(2320,1602,NULL,0,0.00,'',0.00,3.000),
(2321,1603,NULL,0,0.00,'',0.00,1.000),
(2322,1603,NULL,0,0.00,'',0.00,1.000),
(2323,1603,NULL,0,0.00,'',0.00,1.000),
(2324,1604,NULL,0,766.00,'Jjj',0.00,1.000),
(2325,1606,NULL,0,0.00,'',0.00,1.000),
(2326,1606,NULL,0,0.00,'',0.00,1.000),
(2327,1607,NULL,0,0.00,'',0.00,1.000),
(2328,1608,NULL,0,0.00,'',0.00,1.000),
(2329,1609,NULL,0,0.00,'',0.00,1.000),
(2330,1610,NULL,0,0.00,'',0.00,1.000),
(2331,1610,NULL,0,0.00,'',0.00,1.000),
(2332,1611,NULL,0,0.00,'',0.00,1.000),
(2333,1611,NULL,0,0.00,'',0.00,1.000),
(2334,1612,NULL,0,0.00,'',0.00,1.000),
(2335,1612,NULL,0,0.00,'',0.00,1.000),
(2336,1613,NULL,0,95000.00,'زيت 5ل',0.00,10.000),
(2337,1613,NULL,0,650.00,'زيت 5ل',0.00,10.000),
(2338,1613,NULL,0,650.00,'زيت 5ل',0.00,10.000),
(2339,1613,NULL,0,650.00,'زيت 5ل',0.00,10.000),
(2340,1613,NULL,0,650.00,'زيت 5ل',0.00,10.000),
(2341,1613,NULL,0,550.00,'زيت 5ل',0.00,10.000),
(2342,1613,NULL,0,650.00,'زيت 5ل',0.00,10.000),
(2343,1613,NULL,0,60.00,'زيت 5ل',0.00,10.000),
(2344,1613,NULL,0,650.00,'زيت 5ل',0.00,10.000),
(2345,1613,NULL,0,650.00,'زيت 5ل',0.00,10.000),
(2346,1613,NULL,0,650.00,'زيت 5ل',0.00,10.000),
(2347,1613,NULL,0,650.00,'زيت 5ل',0.00,10.000),
(2348,1613,NULL,0,650.00,'زيت 5ل',0.00,10.000),
(2349,1613,NULL,0,650.00,'زيت 5ل',0.00,10.000),
(2350,1613,NULL,0,650.00,'زيت 5ل',0.00,10.000),
(2351,1613,NULL,0,650.00,'زيت 5ل',0.00,10.000),
(2352,1613,NULL,0,0.00,'',0.00,1.000),
(2353,1613,NULL,0,0.00,'',0.00,1.000),
(2354,1614,NULL,0,150.00,'مم',0.00,1.000),
(2355,1614,NULL,0,150.00,'مم',0.00,1.000),
(2356,1614,NULL,0,150.00,'مم',0.00,1.000),
(2357,1614,NULL,0,150.00,'مم',0.00,1.000),
(2386,1616,NULL,0,0.00,'',0.00,1.000),
(2387,1616,NULL,0,0.00,'',0.00,1.000),
(2388,1616,NULL,0,0.00,'',0.00,1.000),
(2389,1616,NULL,0,0.00,'',0.00,1.000),
(2390,1616,NULL,0,0.00,'',0.00,1.000),
(2391,1616,NULL,0,0.00,'',0.00,1.000),
(2392,1616,NULL,0,0.00,'',0.00,1.000),
(2393,1616,NULL,0,0.00,'',0.00,1.000),
(2394,1617,NULL,0,0.00,'',0.00,1.000),
(2395,1626,NULL,0,0.00,'',0.00,1.000),
(2397,1628,NULL,0,0.00,'',0.00,1.000),
(2398,1631,NULL,0,0.00,'',0.00,1.000),
(2405,1640,NULL,0,0.00,'',0.00,1.000),
(2406,1640,NULL,0,0.00,'',0.00,1.000),
(2414,1644,NULL,0,0.00,'',0.00,1.000),
(2415,1644,NULL,0,0.00,'',0.00,1.000),
(2416,1644,NULL,0,0.00,'',0.00,1.000);
/*!40000 ALTER TABLE `sale_items` ENABLE KEYS */;
UNLOCK TABLES;
commit;

--
-- Table structure for table `sale_purchase_usage`
--

DROP TABLE IF EXISTS `sale_purchase_usage`;
/*!40101 SET @saved_cs_client     = @@character_set_client */;
/*!40101 SET character_set_client = utf8mb4 */;
CREATE TABLE `sale_purchase_usage` (
  `id` int(11) NOT NULL AUTO_INCREMENT,
  `item_id` int(11) DEFAULT NULL,
  `purchase_item_id` int(11) DEFAULT NULL,
  `quantity_used` float DEFAULT 0,
  PRIMARY KEY (`id`),
  KEY `item_id` (`item_id`),
  KEY `purchase_item_id` (`purchase_item_id`),
  CONSTRAINT `sale_purchase_usage_ibfk_1` FOREIGN KEY (`item_id`) REFERENCES `sale_items` (`item_id`),
  CONSTRAINT `sale_purchase_usage_ibfk_2` FOREIGN KEY (`purchase_item_id`) REFERENCES `purchase_items` (`purchase_item_id`)
) ENGINE=InnoDB AUTO_INCREMENT=81 DEFAULT CHARSET=utf8mb4 COLLATE=utf8mb4_uca1400_ai_ci;
/*!40101 SET character_set_client = @saved_cs_client */;

--
-- Dumping data for table `sale_purchase_usage`
--

LOCK TABLES `sale_purchase_usage` WRITE;
/*!40000 ALTER TABLE `sale_purchase_usage` DISABLE KEYS */;
set autocommit=0;
INSERT INTO `sale_purchase_usage` VALUES
(1,2039,132,0),
(2,2039,218,0),
(3,2039,233,0),
(4,2040,138,0),
(5,2043,144,0),
(6,2046,159,0),
(9,2048,240,0),
(10,2049,236,0),
(11,2052,166,0),
(12,2053,166,0),
(13,2055,159,0),
(14,2061,136,0),
(15,2061,214,0),
(16,2061,231,0),
(17,2062,215,0),
(18,2062,229,0),
(19,2064,182,0),
(25,2070,240,0),
(26,2073,242,0),
(27,2074,242,0),
(28,2080,167,0),
(29,2082,152,0),
(30,2082,180,0),
(31,2082,185,0),
(33,2089,182,0),
(34,2102,167,0),
(35,2104,166,0),
(36,2106,158,0),
(37,2108,238,0),
(38,2111,158,0),
(39,2112,157,0),
(40,2115,167,0),
(41,2118,167,0),
(53,2131,182,0),
(57,2145,166,0),
(58,2147,240,0),
(59,2149,242,0),
(60,2158,248,0.137),
(61,2161,223,0),
(62,2162,244,0),
(63,2165,169,0),
(64,2188,166,0),
(65,2213,152,0),
(66,2213,180,0),
(67,2213,185,0),
(68,2217,259,2),
(69,2220,166,0),
(70,2225,171,0),
(71,2226,170,0),
(72,2227,167,0),
(73,2240,171,0),
(74,2251,144,0),
(75,2254,223,0),
(76,2256,242,0),
(77,2257,138,0),
(78,2258,181,0),
(79,2258,188,0),
(80,2258,189,0);
/*!40000 ALTER TABLE `sale_purchase_usage` ENABLE KEYS */;
UNLOCK TABLES;
commit;

--
-- Table structure for table `sales`
--

DROP TABLE IF EXISTS `sales`;
/*!40101 SET @saved_cs_client     = @@character_set_client */;
/*!40101 SET character_set_client = utf8mb4 */;
CREATE TABLE `sales` (
  `sale_id` int(11) NOT NULL AUTO_INCREMENT,
  `sale_date` timestamp NULL DEFAULT current_timestamp(),
  `total_amount` decimal(10,2) DEFAULT NULL,
  `user_id` int(11) NOT NULL,
  `status` varchar(64) DEFAULT NULL,
  PRIMARY KEY (`sale_id`),
  KEY `fk_user_sales` (`user_id`),
  CONSTRAINT `fk_user_sales` FOREIGN KEY (`user_id`) REFERENCES `user` (`id`)
) ENGINE=InnoDB AUTO_INCREMENT=1646 DEFAULT CHARSET=utf8mb4 COLLATE=utf8mb4_uca1400_ai_ci;
/*!40101 SET character_set_client = @saved_cs_client */;

--
-- Dumping data for table `sales`
--

LOCK TABLES `sales` WRITE;
/*!40000 ALTER TABLE `sales` DISABLE KEYS */;
set autocommit=0;
INSERT INTO `sales` VALUES
(221,'2025-09-13 09:07:46',760.00,1,'incomplete'),
(222,'2025-09-13 09:10:14',396.00,1,'incomplete'),
(226,'2025-09-13 09:47:47',260.00,1,'incomplete'),
(228,'2025-09-13 10:00:45',205.00,1,'incomplete'),
(229,'2025-09-13 10:55:28',225.00,1,'incomplete'),
(233,'2025-09-13 13:35:16',50.00,1,'incomplete'),
(240,'2025-09-13 16:05:04',4360.00,1,'incomplete'),
(241,'2025-09-13 16:06:03',750.00,1,'incomplete'),
(242,'2025-09-13 16:06:20',60.00,1,'incomplete'),
(243,'2025-09-13 16:06:27',1920.00,1,'incomplete'),
(247,'2025-09-13 16:33:48',2714.00,1,'incomplete'),
(249,'2025-09-13 17:16:25',130.00,1,'incomplete'),
(250,'2025-09-13 17:27:42',715.00,1,'incomplete'),
(251,'2025-09-13 17:50:12',100.00,1,'incomplete'),
(252,'2025-09-13 17:51:26',20.00,1,'incomplete'),
(253,'2025-09-13 17:53:38',NULL,1,'incomplete'),
(255,'2025-09-14 08:42:48',100.00,1,'incomplete'),
(257,'2025-09-14 09:31:00',100.00,1,'incomplete'),
(258,'2025-09-14 09:53:46',200.00,1,'incomplete'),
(259,'2025-09-14 11:02:23',650.00,1,'incomplete'),
(260,'2025-09-14 11:02:34',490.00,1,'incomplete'),
(261,'2025-09-14 11:07:43',NULL,1,'incomplete'),
(262,'2025-09-14 11:31:51',810.00,1,'incomplete'),
(263,'2025-09-14 11:32:11',490.00,1,'incomplete'),
(264,'2025-09-14 11:36:32',100.00,1,'incomplete'),
(265,'2025-09-14 13:09:30',1920.00,1,'incomplete'),
(266,'2025-09-14 13:19:42',120.00,1,'incomplete'),
(268,'2025-09-14 13:43:56',120.00,1,'incomplete'),
(269,'2025-09-14 13:53:47',85.00,1,'incomplete'),
(270,'2025-09-14 13:54:09',370.00,1,'incomplete'),
(271,'2025-09-14 14:28:55',300.00,1,'incomplete'),
(272,'2025-09-14 15:00:48',215.00,1,'incomplete'),
(273,'2025-09-14 15:01:23',60.00,1,'incomplete'),
(274,'2025-09-14 15:20:34',600.00,1,'incomplete'),
(275,'2025-09-14 16:09:13',50.00,1,'incomplete'),
(276,'2025-09-14 16:09:20',210.00,1,'incomplete'),
(277,'2025-09-14 16:39:36',NULL,1,'incomplete'),
(278,'2025-09-14 16:52:52',200.00,1,'incomplete'),
(279,'2025-09-14 17:10:07',100.00,1,'incomplete'),
(280,'2025-09-14 17:10:17',100.00,1,'incomplete'),
(281,'2025-09-14 17:10:23',100.00,1,'incomplete'),
(282,'2025-09-14 17:33:04',300.00,1,'incomplete'),
(283,'2025-09-14 18:36:52',0.00,1,'incomplete'),
(284,'2025-09-14 18:36:59',100.00,1,'incomplete'),
(285,'2025-09-15 08:00:00',1950.00,1,'incomplete'),
(286,'2025-09-15 08:00:19',478.00,1,'incomplete'),
(288,'2025-09-15 09:38:08',1000.00,1,'incomplete'),
(289,'2025-09-15 09:38:32',870.00,1,'incomplete'),
(290,'2025-09-15 09:39:10',20.00,1,'incomplete'),
(291,'2025-09-15 09:39:29',50.00,1,'incomplete'),
(292,'2025-09-15 09:50:24',1050.00,1,'incomplete'),
(293,'2025-09-15 09:56:22',NULL,1,'incomplete'),
(294,'2025-09-15 10:02:20',150.00,1,'incomplete'),
(295,'2025-09-15 10:02:27',200.00,1,'incomplete'),
(296,'2025-09-15 10:52:38',620.00,1,'incomplete'),
(297,'2025-09-15 11:40:29',725.00,1,'incomplete'),
(298,'2025-09-15 11:41:03',220.00,1,'incomplete'),
(299,'2025-09-15 13:31:31',2700.00,1,'incomplete'),
(300,'2025-09-15 14:11:15',100.00,1,'incomplete'),
(301,'2025-09-15 16:25:18',2150.00,1,'incomplete'),
(302,'2025-09-15 17:06:51',130.00,1,'incomplete'),
(303,'2025-09-15 17:20:05',320.00,1,'incomplete'),
(304,'2025-09-15 17:45:27',230.00,1,'incomplete'),
(305,'2025-09-15 17:45:33',650.00,1,'incomplete'),
(306,'2025-09-16 08:40:35',270.00,1,'incomplete'),
(307,'2025-09-16 08:59:05',100.00,1,'incomplete'),
(314,'2025-09-16 09:41:44',1300.00,1,'incomplete'),
(315,'2025-09-16 09:49:32',200.00,1,'incomplete'),
(316,'2025-09-16 09:58:42',4460.00,1,'incomplete'),
(317,'2025-09-16 10:01:16',100.00,1,'incomplete'),
(318,'2025-09-16 10:45:31',950.00,1,'incomplete'),
(319,'2025-09-16 11:04:27',100.00,1,'incomplete'),
(321,'2025-09-16 11:34:34',650.00,1,'incomplete'),
(323,'2025-09-16 14:05:53',100.00,1,'incomplete'),
(324,'2025-09-16 15:09:38',20.00,1,'incomplete'),
(325,'2025-09-16 15:19:33',225.00,1,'incomplete'),
(326,'2025-09-16 15:20:07',100.00,1,'incomplete'),
(327,'2025-09-16 16:18:51',690.00,1,'incomplete'),
(328,'2025-09-16 17:13:28',30.00,1,'incomplete'),
(329,'2025-09-16 17:13:35',90.00,1,'incomplete'),
(330,'2025-09-16 17:13:46',80.00,1,'incomplete'),
(331,'2025-09-16 18:23:05',220.00,1,'incomplete'),
(334,'2025-09-16 19:22:46',200.00,1,'incomplete'),
(335,'2025-09-16 20:09:13',200.00,1,'incomplete'),
(337,'2025-09-17 09:03:32',150.00,1,'incomplete'),
(338,'2025-09-17 09:13:57',210.00,1,'incomplete'),
(339,'2025-09-17 09:14:35',1000.00,1,'incomplete'),
(342,'2025-09-17 10:22:28',100.00,1,'incomplete'),
(343,'2025-09-17 10:23:49',60.00,1,'incomplete'),
(344,'2025-09-17 10:24:23',380.00,1,'incomplete'),
(345,'2025-09-17 10:24:48',300.00,1,'incomplete'),
(346,'2025-09-17 10:25:31',190.00,1,'incomplete'),
(347,'2025-09-17 11:37:32',600.00,1,'incomplete'),
(348,'2025-09-17 14:19:27',900.00,1,'incomplete'),
(349,'2025-09-17 14:34:57',300.00,1,'incomplete'),
(350,'2025-09-17 15:11:21',120.00,1,'incomplete'),
(351,'2025-09-17 15:48:02',220.00,1,'incomplete'),
(352,'2025-09-17 15:59:54',1100.00,1,'incomplete'),
(353,'2025-09-17 16:03:13',500.00,1,'incomplete'),
(355,'2025-09-17 16:34:56',685.00,1,'incomplete'),
(356,'2025-09-17 16:35:54',280.00,1,'incomplete'),
(358,'2025-09-17 16:36:37',150.00,1,'incomplete'),
(359,'2025-09-17 16:36:54',180.00,1,'incomplete'),
(361,'2025-09-17 17:43:33',365.00,1,'incomplete'),
(363,'2025-09-17 17:48:09',60.00,1,'incomplete'),
(364,'2025-09-17 18:32:43',270.00,1,'incomplete'),
(366,'2025-09-17 18:44:42',500.00,1,'incomplete'),
(367,'2025-09-17 18:56:10',50.00,1,'incomplete'),
(368,'2025-09-17 18:58:45',100.00,1,'incomplete'),
(369,'2025-09-17 19:20:10',95.00,1,'incomplete'),
(370,'2025-09-17 19:54:20',95.00,1,'incomplete'),
(372,'2025-09-17 20:05:05',105.00,1,'incomplete'),
(373,'2025-09-17 20:07:56',500.00,1,'incomplete'),
(374,'2025-09-18 08:04:31',180.00,1,'incomplete'),
(376,'2025-09-18 09:04:00',2000.00,1,'incomplete'),
(377,'2025-09-18 09:35:08',80.00,1,'incomplete'),
(378,'2025-09-18 09:35:19',600.00,1,'incomplete'),
(379,'2025-09-18 09:36:17',50.00,1,'incomplete'),
(380,'2025-09-18 10:05:27',300.00,1,'incomplete'),
(381,'2025-09-18 10:15:02',60.00,1,'incomplete'),
(382,'2025-09-18 10:21:33',100.00,1,'incomplete'),
(383,'2025-09-18 10:49:12',110.00,1,'incomplete'),
(384,'2025-09-18 11:06:09',530.00,1,'incomplete'),
(385,'2025-09-18 11:22:21',550.00,1,'incomplete'),
(386,'2025-09-19 13:14:43',85.00,1,'incomplete'),
(387,'2025-09-19 14:51:09',220.00,1,'incomplete'),
(388,'2025-09-19 15:01:50',30.00,1,'incomplete'),
(389,'2025-09-19 15:09:20',30.00,1,'incomplete'),
(390,'2025-09-19 15:09:34',200.00,1,'incomplete'),
(392,'2025-09-19 16:11:46',140.00,1,'incomplete'),
(393,'2025-09-19 17:26:57',280.00,1,'incomplete'),
(394,'2025-09-19 17:27:27',920.00,1,'incomplete'),
(396,'2025-09-19 17:28:17',820.00,1,'incomplete'),
(399,'2025-09-19 18:55:17',100.00,1,'incomplete'),
(400,'2025-09-20 08:12:46',450.00,1,'incomplete'),
(401,'2025-09-20 08:19:02',50.00,1,'incomplete'),
(402,'2025-09-20 08:19:15',225.00,1,'incomplete'),
(404,'2025-09-20 10:31:10',100.00,1,'incomplete'),
(405,'2025-09-20 10:34:10',75.00,1,'incomplete'),
(406,'2025-09-20 10:38:24',640.00,1,'incomplete'),
(407,'2025-09-20 10:49:36',220.00,1,'incomplete'),
(408,'2025-09-20 10:53:19',620.00,1,'incomplete'),
(410,'2025-09-20 11:13:33',100.00,1,'incomplete'),
(411,'2025-09-20 11:25:10',160.00,1,'incomplete'),
(412,'2025-09-20 11:35:39',140.00,1,'incomplete'),
(413,'2025-09-20 14:16:46',50.00,1,'incomplete'),
(414,'2025-09-20 14:17:41',95.00,1,'incomplete'),
(415,'2025-09-20 14:19:04',2660.00,1,'incomplete'),
(416,'2025-09-20 14:26:32',290.00,1,'incomplete'),
(417,'2025-09-20 14:42:47',150.00,1,'incomplete'),
(418,'2025-09-20 14:43:04',100.00,1,'incomplete'),
(419,'2025-09-20 15:40:38',250.00,1,'incomplete'),
(420,'2025-09-20 16:14:32',300.00,1,'incomplete'),
(421,'2025-09-20 17:01:17',200.00,1,'incomplete'),
(422,'2025-09-20 17:31:23',450.00,1,'incomplete'),
(423,'2025-09-20 17:33:33',500.00,1,'incomplete'),
(424,'2025-09-20 17:33:50',360.00,1,'incomplete'),
(425,'2025-09-20 17:53:15',230.00,1,'incomplete'),
(426,'2025-09-20 18:25:25',400.00,1,'incomplete'),
(427,'2025-09-20 19:03:43',1000.00,1,'incomplete'),
(429,'2025-09-20 19:04:47',400.00,1,'incomplete'),
(433,'2025-09-20 20:02:37',40.00,1,'incomplete'),
(434,'2025-09-21 07:13:54',30.00,1,'incomplete'),
(437,'2025-09-21 08:35:12',1600.00,1,'incomplete'),
(438,'2025-09-21 08:40:35',60.00,1,'incomplete'),
(439,'2025-09-21 08:40:48',100.00,1,'incomplete'),
(440,'2025-09-21 09:06:49',200.00,1,'incomplete'),
(441,'2025-09-21 09:27:30',100.00,1,'incomplete'),
(442,'2025-09-21 10:13:23',250.00,1,'incomplete'),
(443,'2025-09-21 10:13:34',700.00,1,'incomplete'),
(444,'2025-09-21 10:36:55',125.00,1,'incomplete'),
(445,'2025-09-21 10:50:43',100.00,1,'incomplete'),
(447,'2025-09-21 11:42:04',400.00,1,'incomplete'),
(448,'2025-09-21 11:42:37',215.00,1,'incomplete'),
(449,'2025-09-21 12:54:14',20.00,1,'incomplete'),
(450,'2025-09-21 13:33:11',200.00,1,'incomplete'),
(451,'2025-09-21 13:56:20',90.00,1,'incomplete'),
(452,'2025-09-21 14:20:34',810.00,1,'incomplete'),
(453,'2025-09-21 15:38:00',220.00,1,'incomplete'),
(454,'2025-09-21 16:08:14',980.00,1,'incomplete'),
(455,'2025-09-21 16:12:58',200.00,1,'incomplete'),
(456,'2025-09-21 17:11:35',700.00,1,'incomplete'),
(458,'2025-09-21 18:25:31',230.00,1,'incomplete'),
(460,'2025-09-21 19:15:02',100.00,1,'incomplete'),
(461,'2025-09-22 07:32:38',150.00,1,'incomplete'),
(462,'2025-09-22 08:16:21',130.00,1,'incomplete'),
(482,'2025-09-22 08:44:35',1330.00,1,'incomplete'),
(495,'2025-09-22 09:38:24',210.00,1,'incomplete'),
(497,'2025-09-22 10:56:12',360.00,1,'incomplete'),
(499,'2025-09-22 13:29:17',150.00,1,'incomplete'),
(501,'2025-09-22 14:18:44',120.00,1,'incomplete'),
(502,'2025-09-22 14:37:55',60.00,1,'incomplete'),
(503,'2025-09-22 15:02:31',230.00,1,'incomplete'),
(504,'2025-09-22 15:42:15',60.00,1,'incomplete'),
(505,'2025-09-22 16:00:20',520.00,1,'incomplete'),
(506,'2025-09-22 16:20:33',400.00,1,'incomplete'),
(507,'2025-09-22 17:00:12',200.00,1,'incomplete'),
(508,'2025-09-22 18:37:49',250.00,1,'incomplete'),
(509,'2025-09-22 18:54:10',645.00,1,'incomplete'),
(510,'2025-09-22 19:11:01',50.00,1,'incomplete'),
(511,'2025-09-22 19:42:59',20.00,1,'incomplete'),
(512,'2025-09-22 19:47:52',100.00,1,'incomplete'),
(513,'2025-09-22 19:59:49',180.00,1,'incomplete'),
(515,'2025-09-22 20:26:06',200.00,1,'incomplete'),
(516,'2025-09-22 20:26:45',50.00,1,'incomplete'),
(517,'2025-09-23 07:51:20',230.00,1,'incomplete'),
(518,'2025-09-23 09:21:05',50.00,1,'incomplete'),
(519,'2025-09-23 09:32:15',60.00,1,'incomplete'),
(520,'2025-09-23 09:35:15',180.00,1,'incomplete'),
(521,'2025-09-23 10:03:38',70.00,1,'incomplete'),
(522,'2025-09-23 10:49:36',100.00,1,'incomplete'),
(523,'2025-09-23 11:00:59',750.00,1,'incomplete'),
(524,'2025-09-23 11:35:09',200.00,1,'incomplete'),
(525,'2025-09-23 11:35:36',20.00,1,'incomplete'),
(526,'2025-09-23 11:37:45',150.00,1,'incomplete'),
(527,'2025-09-23 12:15:58',50.00,1,'incomplete'),
(530,'2025-09-23 14:28:12',300.00,1,'incomplete'),
(531,'2025-09-23 14:31:17',50.00,1,'incomplete'),
(532,'2025-09-23 14:32:12',500.00,1,'incomplete'),
(533,'2025-09-23 15:12:31',250.00,1,'incomplete'),
(535,'2025-09-23 15:55:16',100.00,1,'incomplete'),
(536,'2025-09-23 15:55:29',390.00,1,'incomplete'),
(537,'2025-09-23 16:19:35',100.00,1,'incomplete'),
(538,'2025-09-23 17:29:21',545.00,1,'incomplete'),
(539,'2025-09-23 17:32:20',200.00,1,'incomplete'),
(540,'2025-09-23 18:19:04',360.00,1,'incomplete'),
(541,'2025-09-24 10:00:41',200.00,1,'incomplete'),
(542,'2025-09-24 10:02:18',25.00,1,'incomplete'),
(543,'2025-09-24 10:29:44',250.00,1,'incomplete'),
(544,'2025-09-24 10:45:48',60.00,1,'incomplete'),
(546,'2025-09-24 11:38:17',200.00,1,'incomplete'),
(547,'2025-09-24 11:38:28',50.00,1,'incomplete'),
(548,'2025-09-24 11:38:39',70.00,1,'incomplete'),
(549,'2025-09-24 14:20:13',140.00,1,'incomplete'),
(550,'2025-09-24 15:45:36',110.00,1,'incomplete'),
(552,'2025-09-24 16:00:26',195.00,1,'incomplete'),
(553,'2025-09-24 16:07:04',200.00,1,'incomplete'),
(554,'2025-09-24 16:34:03',80.00,1,'incomplete'),
(555,'2025-09-24 16:38:49',190.00,1,'incomplete'),
(556,'2025-09-24 17:04:24',600.00,1,'incomplete'),
(557,'2025-09-24 17:09:56',1060.00,1,'incomplete'),
(558,'2025-09-24 17:13:18',360.00,1,'incomplete'),
(559,'2025-09-24 17:15:40',200.00,1,'incomplete'),
(560,'2025-09-24 17:29:55',50.00,1,'incomplete'),
(561,'2025-09-24 17:42:36',410.00,1,'incomplete'),
(562,'2025-09-24 17:42:47',620.00,1,'incomplete'),
(563,'2025-09-24 17:48:27',200.00,1,'incomplete'),
(564,'2025-09-24 18:35:05',90.00,1,'incomplete'),
(565,'2025-09-24 18:35:15',125.00,1,'incomplete'),
(566,'2025-09-25 07:55:52',260.00,1,'incomplete'),
(567,'2025-09-25 08:20:28',340.00,1,'incomplete'),
(569,'2025-09-25 09:33:03',1750.00,1,'incomplete'),
(570,'2025-09-25 09:35:45',80.00,1,'incomplete'),
(571,'2025-09-25 09:38:26',220.00,1,'incomplete'),
(588,'2025-09-25 10:15:52',80.00,1,'incomplete'),
(589,'2025-09-25 10:16:49',120.00,1,'incomplete'),
(595,'2025-09-25 11:46:53',600.00,1,'incomplete'),
(596,'2025-09-25 13:13:56',100.00,1,'incomplete'),
(597,'2025-09-25 13:46:29',65.00,1,'incomplete'),
(598,'2025-09-25 14:29:27',200.00,1,'incomplete'),
(599,'2025-09-25 14:29:46',50.00,1,'incomplete'),
(600,'2025-09-25 14:29:58',70.00,1,'incomplete'),
(601,'2025-09-25 14:47:01',350.00,1,'incomplete'),
(602,'2025-09-25 15:12:55',250.00,1,'incomplete'),
(603,'2025-09-25 15:46:56',2705.00,1,'incomplete'),
(604,'2025-09-25 15:50:02',30.00,1,'incomplete'),
(605,'2025-09-25 15:50:12',50.00,1,'incomplete'),
(607,'2025-09-25 15:54:15',140.00,1,'incomplete'),
(608,'2025-09-25 16:02:10',770.00,1,'incomplete'),
(609,'2025-09-25 16:16:31',200.00,1,'incomplete'),
(610,'2025-09-25 16:24:00',260.00,1,'incomplete'),
(611,'2025-09-25 17:20:57',405.00,1,'incomplete'),
(612,'2025-09-25 17:25:40',360.00,1,'incomplete'),
(613,'2025-09-25 17:30:03',170.00,1,'incomplete'),
(614,'2025-09-25 17:40:24',200.00,1,'incomplete'),
(615,'2025-09-26 13:30:59',100.00,1,'incomplete'),
(616,'2025-09-26 13:47:25',140.00,1,'incomplete'),
(617,'2025-09-26 13:59:04',80.00,1,'incomplete'),
(618,'2025-09-26 14:25:34',150.00,1,'incomplete'),
(620,'2025-09-26 14:32:35',100.00,1,'incomplete'),
(621,'2025-09-26 15:38:13',60.00,1,'incomplete'),
(622,'2025-09-26 16:25:21',90.00,1,'incomplete'),
(623,'2025-09-26 16:33:24',100.00,1,'incomplete'),
(626,'2025-09-26 17:46:50',100.00,1,'incomplete'),
(627,'2025-09-26 17:47:05',100.00,1,'incomplete'),
(628,'2025-09-26 18:20:23',60.00,1,'incomplete'),
(629,'2025-09-26 18:42:01',200.00,1,'incomplete'),
(630,'2025-09-27 08:42:06',960.00,1,'incomplete'),
(631,'2025-09-27 08:46:11',1100.00,1,'incomplete'),
(632,'2025-09-27 09:12:45',430.00,1,'incomplete'),
(633,'2025-09-27 09:27:44',30.00,1,'incomplete'),
(634,'2025-09-27 10:04:51',220.00,1,'incomplete'),
(635,'2025-09-27 10:09:53',80.00,1,'incomplete'),
(636,'2025-09-27 10:11:12',1660.00,1,'incomplete'),
(638,'2025-09-27 10:44:17',630.00,1,'incomplete'),
(639,'2025-09-27 10:50:06',50.00,1,'incomplete'),
(640,'2025-09-27 13:46:32',560.00,1,'incomplete'),
(641,'2025-09-27 14:37:13',520.00,1,'incomplete'),
(643,'2025-09-27 14:51:39',440.00,1,'incomplete'),
(646,'2025-09-27 15:44:09',230.00,1,'incomplete'),
(647,'2025-09-27 15:44:28',250.00,1,'incomplete'),
(648,'2025-09-27 15:44:36',100.00,1,'incomplete'),
(649,'2025-09-27 16:18:54',200.00,1,'incomplete'),
(650,'2025-09-27 16:32:19',100.00,1,'incomplete'),
(651,'2025-09-27 16:32:30',340.00,1,'incomplete'),
(652,'2025-09-27 16:35:04',50.00,1,'incomplete'),
(653,'2025-09-27 18:19:30',100.00,1,'incomplete'),
(654,'2025-09-27 18:30:49',200.00,1,'incomplete'),
(655,'2025-09-27 18:35:40',40.00,1,'incomplete'),
(662,'2025-09-28 09:17:07',200.00,1,'incomplete'),
(663,'2025-09-28 09:30:55',230.00,1,'incomplete'),
(664,'2025-09-28 09:44:59',240.00,1,'incomplete'),
(666,'2025-09-28 11:12:35',20.00,1,'incomplete'),
(667,'2025-09-28 11:18:38',200.00,1,'incomplete'),
(668,'2025-09-28 13:03:59',30.00,1,'incomplete'),
(669,'2025-09-28 13:04:27',190.00,1,'incomplete'),
(670,'2025-09-28 13:47:11',370.00,1,'incomplete'),
(671,'2025-09-28 13:57:27',100.00,1,'incomplete'),
(672,'2025-09-28 15:49:10',100.00,1,'incomplete'),
(674,'2025-09-28 17:03:14',50.00,1,'incomplete'),
(677,'2025-09-28 18:04:29',90.00,1,'incomplete'),
(678,'2025-09-28 18:09:03',50.00,1,'incomplete'),
(679,'2025-09-29 08:15:01',185.00,1,'incomplete'),
(680,'2025-09-29 08:57:41',390.00,1,'incomplete'),
(681,'2025-09-29 10:08:06',190.00,1,'incomplete'),
(683,'2025-09-29 11:35:53',210.00,1,'incomplete'),
(686,'2025-09-29 13:37:48',390.00,1,'incomplete'),
(687,'2025-09-29 14:13:12',20.00,1,'incomplete'),
(689,'2025-09-29 14:19:42',330.00,1,'incomplete'),
(691,'2025-09-29 15:41:42',150.00,1,'incomplete'),
(692,'2025-09-29 16:44:17',350.00,1,'incomplete'),
(693,'2025-09-29 18:17:32',300.00,1,'incomplete'),
(694,'2025-09-29 18:51:16',1710.00,1,'incomplete'),
(695,'2025-09-30 07:56:39',1000.00,1,'incomplete'),
(696,'2025-09-30 08:04:36',500.00,1,'incomplete'),
(697,'2025-09-30 08:26:33',1540.00,1,'incomplete'),
(698,'2025-09-30 08:50:32',200.00,1,'incomplete'),
(699,'2025-09-30 09:25:28',100.00,1,'incomplete'),
(700,'2025-09-30 10:11:36',120.00,1,'incomplete'),
(701,'2025-09-30 10:12:52',25.00,1,'incomplete'),
(702,'2025-09-30 10:18:48',150.00,1,'incomplete'),
(703,'2025-09-30 10:31:10',100.00,1,'incomplete'),
(704,'2025-09-30 11:26:50',70.00,1,'incomplete'),
(705,'2025-09-30 11:29:25',50.00,1,'incomplete'),
(707,'2025-09-30 13:08:07',260.00,1,'incomplete'),
(708,'2025-09-30 13:14:51',150.00,1,'incomplete'),
(709,'2025-09-30 13:17:32',280.00,1,'incomplete'),
(710,'2025-09-30 13:49:18',1080.00,1,'incomplete'),
(711,'2025-09-30 14:23:46',300.00,1,'incomplete'),
(712,'2025-09-30 15:35:41',130.00,1,'incomplete'),
(713,'2025-09-30 17:23:40',680.00,1,'incomplete'),
(714,'2025-09-30 17:31:44',500.00,1,'incomplete'),
(715,'2025-09-30 18:10:20',740.00,1,'incomplete'),
(716,'2025-10-01 07:19:12',60.00,1,'incomplete'),
(717,'2025-10-01 07:19:48',120.00,1,'incomplete'),
(718,'2025-10-01 08:27:08',45.00,1,'incomplete'),
(719,'2025-10-01 09:06:54',545.00,1,'incomplete'),
(720,'2025-10-01 09:14:30',220.00,1,'incomplete'),
(721,'2025-10-01 09:17:22',150.00,1,'incomplete'),
(722,'2025-10-01 09:59:06',50.00,1,'incomplete'),
(723,'2025-10-01 11:25:13',70.00,1,'incomplete'),
(724,'2025-10-01 14:14:16',50.00,1,'incomplete'),
(725,'2025-10-01 14:29:44',150.00,1,'incomplete'),
(726,'2025-10-01 15:35:03',430.00,1,'incomplete'),
(727,'2025-10-01 15:54:24',100.00,1,'incomplete'),
(729,'2025-10-01 16:16:43',550.00,1,'incomplete'),
(730,'2025-10-01 16:17:24',710.00,1,'incomplete'),
(731,'2025-10-01 16:44:59',250.00,1,'incomplete'),
(732,'2025-10-01 16:53:07',195.00,1,'incomplete'),
(733,'2025-10-02 07:57:43',760.00,1,'incomplete'),
(734,'2025-10-02 08:13:42',70.00,1,'incomplete'),
(735,'2025-10-02 08:18:56',100.00,1,'incomplete'),
(736,'2025-10-02 08:25:15',200.00,1,'incomplete'),
(737,'2025-10-02 08:27:54',900.00,1,'incomplete'),
(738,'2025-10-02 08:35:12',1530.00,1,'incomplete'),
(739,'2025-10-02 08:48:31',120.00,1,'incomplete'),
(741,'2025-10-02 09:11:32',200.00,1,'incomplete'),
(742,'2025-10-02 10:08:34',180.00,1,'incomplete'),
(743,'2025-10-02 10:19:20',700.00,1,'incomplete'),
(744,'2025-10-02 10:22:48',530.00,1,'incomplete'),
(745,'2025-10-02 10:41:48',50.00,1,'incomplete'),
(747,'2025-10-02 11:13:13',760.00,1,'incomplete'),
(748,'2025-10-02 11:28:19',100.00,1,'incomplete'),
(749,'2025-10-02 11:44:45',280.00,1,'incomplete'),
(750,'2025-10-02 14:17:44',50.00,1,'incomplete'),
(751,'2025-10-02 14:50:31',110.00,1,'incomplete'),
(752,'2025-10-02 14:50:42',50.00,1,'incomplete'),
(753,'2025-10-02 15:59:37',130.00,1,'incomplete'),
(755,'2025-10-02 17:25:33',100.00,1,'incomplete'),
(758,'2025-10-02 18:06:20',240.00,1,'incomplete'),
(759,'2025-10-02 18:40:09',100.00,1,'incomplete'),
(760,'2025-10-02 18:51:58',680.00,1,'incomplete'),
(761,'2025-10-03 14:10:29',400.00,1,'incomplete'),
(762,'2025-10-03 14:46:25',580.00,1,'incomplete'),
(763,'2025-10-03 15:30:06',490.00,1,'incomplete'),
(764,'2025-10-03 15:32:54',200.00,1,'incomplete'),
(768,'2025-10-03 17:00:01',1780.00,1,'incomplete'),
(769,'2025-10-03 17:04:48',50.00,1,'incomplete'),
(770,'2025-10-03 17:07:42',100.00,1,'incomplete'),
(771,'2025-10-03 17:25:50',650.00,1,'incomplete'),
(772,'2025-10-03 18:26:36',100.00,1,'incomplete'),
(773,'2025-10-03 18:51:57',150.00,1,'incomplete'),
(774,'2025-10-04 07:12:28',600.00,1,'incomplete'),
(775,'2025-10-04 08:42:51',100.00,1,'incomplete'),
(776,'2025-10-04 09:30:15',130.00,1,'incomplete'),
(777,'2025-10-04 09:30:28',30.00,1,'incomplete'),
(778,'2025-10-04 09:30:44',100.00,1,'incomplete'),
(780,'2025-10-04 10:02:45',790.00,1,'incomplete'),
(781,'2025-10-04 10:32:45',435.00,1,'incomplete'),
(783,'2025-10-04 10:37:49',740.00,1,'incomplete'),
(784,'2025-10-04 10:47:01',300.00,1,'incomplete'),
(785,'2025-10-04 10:51:04',20.00,1,'incomplete'),
(786,'2025-10-04 10:51:13',270.00,1,'incomplete'),
(789,'2025-10-04 11:08:33',20.00,1,'incomplete'),
(790,'2025-10-04 11:36:46',200.00,1,'incomplete'),
(794,'2025-10-04 15:36:44',100.00,1,'incomplete'),
(795,'2025-10-04 15:59:16',110.00,1,'incomplete'),
(796,'2025-10-04 16:26:50',60.00,1,'incomplete'),
(798,'2025-10-04 18:00:28',230.00,1,'incomplete'),
(799,'2025-10-04 18:11:06',95.00,1,'incomplete'),
(801,'2025-10-04 18:23:07',1275.00,1,'incomplete'),
(802,'2025-10-04 18:34:54',200.00,1,'incomplete'),
(804,'2025-10-04 18:45:35',20.00,1,'incomplete'),
(805,'2025-10-05 08:38:34',60.00,1,'incomplete'),
(806,'2025-10-05 08:39:17',150.00,1,'incomplete'),
(807,'2025-10-05 09:01:30',60.00,1,'incomplete'),
(808,'2025-10-05 11:08:36',185.00,1,'incomplete'),
(809,'2025-10-05 11:39:45',100.00,1,'incomplete'),
(810,'2025-10-05 11:39:57',45.00,1,'incomplete'),
(811,'2025-10-05 11:40:11',100.00,1,'incomplete'),
(812,'2025-10-05 13:06:18',900.00,1,'incomplete'),
(813,'2025-10-05 15:30:19',100.00,1,'incomplete'),
(814,'2025-10-05 15:30:38',260.00,1,'incomplete'),
(815,'2025-10-05 15:51:40',250.00,1,'incomplete'),
(816,'2025-10-05 17:04:03',100.00,1,'incomplete'),
(817,'2025-10-05 17:04:17',20.00,1,'incomplete'),
(818,'2025-10-05 17:07:06',200.00,1,'incomplete'),
(819,'2025-10-05 18:09:47',100.00,1,'incomplete'),
(820,'2025-10-06 07:48:53',100.00,1,'incomplete'),
(822,'2025-10-06 08:30:18',250.00,1,'incomplete'),
(823,'2025-10-06 08:35:53',210.00,1,'incomplete'),
(824,'2025-10-06 08:44:12',550.00,1,'incomplete'),
(825,'2025-10-06 10:08:25',70.00,1,'incomplete'),
(826,'2025-10-06 10:09:15',100.00,1,'incomplete'),
(828,'2025-10-06 11:20:00',1690.00,1,'incomplete'),
(829,'2025-10-06 11:26:21',190.00,1,'incomplete'),
(830,'2025-10-06 11:42:39',120.00,1,'incomplete'),
(831,'2025-10-06 13:54:09',80.00,1,'incomplete'),
(832,'2025-10-06 13:54:17',200.00,1,'incomplete'),
(833,'2025-10-06 14:29:00',715.00,1,'incomplete'),
(834,'2025-10-06 14:33:39',3490.00,1,'incomplete'),
(835,'2025-10-06 15:24:23',260.00,1,'incomplete'),
(836,'2025-10-06 15:34:22',690.00,1,'incomplete'),
(837,'2025-10-06 15:41:54',250.00,1,'incomplete'),
(838,'2025-10-06 15:58:53',320.00,1,'incomplete'),
(839,'2025-10-06 16:07:32',330.00,1,'incomplete'),
(840,'2025-10-06 16:43:21',110.00,1,'incomplete'),
(842,'2025-10-06 16:54:45',1700.00,1,'incomplete'),
(843,'2025-10-06 16:57:14',270.00,1,'incomplete'),
(844,'2025-10-07 07:48:49',660.00,1,'incomplete'),
(845,'2025-10-07 08:08:28',1690.00,1,'incomplete'),
(846,'2025-10-07 08:41:09',180.00,1,'incomplete'),
(847,'2025-10-07 09:06:32',325.00,1,'incomplete'),
(848,'2025-10-07 09:35:40',100.00,1,'incomplete'),
(849,'2025-10-07 09:42:49',140.00,1,'incomplete'),
(850,'2025-10-07 10:11:16',300.00,1,'incomplete'),
(851,'2025-10-07 10:17:52',100.00,1,'incomplete'),
(852,'2025-10-07 10:18:40',210.00,1,'incomplete'),
(853,'2025-10-07 14:52:28',50.00,1,'incomplete'),
(854,'2025-10-07 14:52:41',90.00,1,'incomplete'),
(855,'2025-10-07 15:36:16',60.00,1,'incomplete'),
(856,'2025-10-07 15:53:01',230.00,1,'incomplete'),
(857,'2025-10-07 15:53:35',130.00,1,'incomplete'),
(859,'2025-10-07 16:02:56',830.00,1,'incomplete'),
(860,'2025-10-07 16:08:16',35.00,1,'incomplete'),
(861,'2025-10-07 16:08:22',855.00,1,'incomplete'),
(863,'2025-10-07 16:30:49',985.00,1,'incomplete'),
(864,'2025-10-07 16:48:09',318.10,1,'incomplete'),
(865,'2025-10-07 16:50:19',120.00,1,'incomplete'),
(866,'2025-10-07 17:24:56',50.00,1,'incomplete'),
(868,'2025-10-07 18:30:16',50.00,1,'incomplete'),
(869,'2025-10-07 18:52:59',25.00,1,'incomplete'),
(871,'2025-10-07 19:28:42',50.00,1,'incomplete'),
(872,'2025-10-07 19:38:14',499.20,1,'incomplete'),
(873,'2025-10-08 08:13:03',900.00,1,'incomplete'),
(875,'2025-10-08 08:42:23',260.00,1,'incomplete'),
(876,'2025-10-08 09:35:07',350.00,1,'incomplete'),
(877,'2025-10-08 10:25:11',380.00,1,'incomplete'),
(878,'2025-10-08 11:39:46',1220.00,1,'incomplete'),
(880,'2025-10-08 12:17:17',120.00,1,'incomplete'),
(881,'2025-10-08 12:17:24',210.00,1,'incomplete'),
(882,'2025-10-08 14:38:54',949.20,1,'incomplete'),
(883,'2025-10-08 14:39:39',110.00,1,'incomplete'),
(884,'2025-10-08 15:30:34',140.00,1,'incomplete'),
(885,'2025-10-08 16:12:17',200.00,1,'incomplete'),
(886,'2025-10-08 16:12:31',100.00,1,'incomplete'),
(887,'2025-10-08 16:27:24',150.00,1,'incomplete'),
(889,'2025-10-08 17:01:36',350.00,1,'incomplete'),
(890,'2025-10-08 17:01:52',274.00,1,'incomplete'),
(891,'2025-10-08 17:02:35',650.00,1,'incomplete'),
(892,'2025-10-08 17:14:55',200.00,1,'incomplete'),
(893,'2025-10-08 17:26:46',230.00,1,'incomplete'),
(894,'2025-10-08 18:06:50',2430.00,1,'incomplete'),
(895,'2025-10-08 18:35:04',100.00,1,'incomplete'),
(896,'2025-10-09 08:33:04',470.00,1,'incomplete'),
(898,'2025-10-09 08:35:47',100.00,1,'incomplete'),
(899,'2025-10-09 09:19:49',1000.00,1,'incomplete'),
(900,'2025-10-09 09:20:06',90.00,1,'incomplete'),
(901,'2025-10-09 09:42:56',200.00,1,'incomplete'),
(902,'2025-10-09 09:49:49',880.00,1,'incomplete'),
(903,'2025-10-09 10:17:25',180.00,1,'incomplete'),
(904,'2025-10-09 10:17:48',120.00,1,'incomplete'),
(905,'2025-10-09 10:18:13',50.00,1,'incomplete'),
(906,'2025-10-09 11:06:24',360.00,1,'incomplete'),
(907,'2025-10-09 11:39:10',550.00,1,'incomplete'),
(908,'2025-10-09 12:57:00',1119.80,1,'incomplete'),
(909,'2025-10-09 13:22:48',20.00,1,'incomplete'),
(910,'2025-10-09 13:43:44',568.40,1,'incomplete'),
(911,'2025-10-09 14:30:35',244.00,1,'incomplete'),
(912,'2025-10-09 14:34:38',150.00,1,'incomplete'),
(913,'2025-10-09 15:39:20',140.00,1,'incomplete'),
(914,'2025-10-09 15:45:15',300.00,1,'incomplete'),
(915,'2025-10-09 16:11:11',50.00,1,'incomplete'),
(916,'2025-10-09 16:13:27',50.00,1,'incomplete'),
(917,'2025-10-09 16:25:22',269.90,1,'incomplete'),
(918,'2025-10-09 17:44:05',540.00,1,'incomplete'),
(919,'2025-10-09 17:44:32',220.00,1,'incomplete'),
(920,'2025-10-09 17:57:22',300.00,1,'incomplete'),
(921,'2025-10-09 17:57:38',240.00,1,'incomplete'),
(923,'2025-10-09 18:30:24',140.00,1,'incomplete'),
(924,'2025-10-09 18:30:34',70.00,1,'incomplete'),
(925,'2025-10-09 18:30:43',450.00,1,'incomplete'),
(926,'2025-10-09 18:46:15',265.00,1,'incomplete'),
(927,'2025-10-10 08:17:25',480.00,1,'incomplete'),
(928,'2025-10-10 08:32:52',328.90,1,'incomplete'),
(929,'2025-10-10 08:33:35',200.00,1,'incomplete'),
(930,'2025-10-10 08:34:34',50.00,1,'incomplete'),
(931,'2025-10-10 08:39:57',110.00,1,'incomplete'),
(932,'2025-10-10 09:54:35',649.60,1,'incomplete'),
(933,'2025-10-10 09:55:08',140.00,1,'incomplete'),
(934,'2025-10-10 15:36:16',40.00,1,'incomplete'),
(935,'2025-10-10 16:30:30',40.00,1,'incomplete'),
(936,'2025-10-10 16:40:08',310.00,1,'incomplete'),
(937,'2025-10-10 16:54:19',150.00,1,'incomplete'),
(939,'2025-10-10 17:10:04',340.00,1,'incomplete'),
(940,'2025-10-10 18:13:48',30.00,1,'incomplete'),
(941,'2025-10-10 18:14:45',200.00,1,'incomplete'),
(942,'2025-10-10 18:34:28',30.00,1,'incomplete'),
(943,'2025-10-11 08:13:58',25.00,1,'incomplete'),
(944,'2025-10-11 09:06:50',240.00,1,'incomplete'),
(945,'2025-10-11 09:43:07',1450.00,1,'incomplete'),
(946,'2025-10-11 09:46:11',110.00,1,'incomplete'),
(947,'2025-10-11 09:46:32',20.00,1,'incomplete'),
(948,'2025-10-11 10:26:37',100.00,1,'incomplete'),
(949,'2025-10-11 10:43:17',700.00,1,'incomplete'),
(951,'2025-10-11 14:28:32',100.00,1,'incomplete'),
(953,'2025-10-11 15:55:09',1320.00,1,'incomplete'),
(954,'2025-10-11 16:34:51',418.60,1,'incomplete'),
(956,'2025-10-11 17:41:28',99.96,1,'incomplete'),
(957,'2025-10-11 17:42:02',100.00,1,'incomplete'),
(959,'2025-10-11 17:57:40',250.00,1,'incomplete'),
(960,'2025-10-11 18:34:26',199.80,1,'incomplete'),
(961,'2025-10-11 18:41:06',100.00,1,'incomplete'),
(962,'2025-10-11 19:24:30',498.80,1,'incomplete'),
(963,'2025-10-12 09:11:15',60.00,1,'incomplete'),
(964,'2025-10-12 09:11:30',187.00,1,'incomplete'),
(965,'2025-10-12 09:15:33',230.00,1,'incomplete'),
(966,'2025-10-12 09:29:50',199.50,1,'incomplete'),
(967,'2025-10-12 10:13:58',60.00,1,'incomplete'),
(968,'2025-10-12 13:23:37',160.00,1,'incomplete'),
(969,'2025-10-12 14:12:09',50.00,1,'incomplete'),
(970,'2025-10-12 14:12:20',200.00,1,'incomplete'),
(971,'2025-10-12 14:12:39',60.00,1,'incomplete'),
(972,'2025-10-12 16:02:18',100.00,1,'incomplete'),
(973,'2025-10-12 16:12:20',300.00,1,'incomplete'),
(974,'2025-10-12 16:25:52',298.80,1,'incomplete'),
(975,'2025-10-12 16:43:07',300.00,1,'incomplete'),
(976,'2025-10-12 16:56:55',600.00,1,'incomplete'),
(977,'2025-10-12 16:58:50',100.00,1,'incomplete'),
(978,'2025-10-12 16:59:00',530.00,1,'incomplete'),
(979,'2025-10-12 17:45:06',60.00,1,'incomplete'),
(981,'2025-10-12 18:02:51',578.00,1,'incomplete'),
(984,'2025-10-13 08:24:25',120.00,1,'incomplete'),
(986,'2025-10-13 09:05:33',90.00,1,'incomplete'),
(987,'2025-10-13 09:05:38',150.00,1,'incomplete'),
(988,'2025-10-13 09:12:55',50.00,1,'incomplete'),
(989,'2025-10-13 09:21:51',720.00,1,'incomplete'),
(990,'2025-10-13 09:26:12',540.00,1,'incomplete'),
(991,'2025-10-13 10:53:20',200.00,1,'incomplete'),
(992,'2025-10-13 11:08:08',100.00,1,'incomplete'),
(1001,'2025-10-13 11:33:00',197.80,1,'incomplete'),
(1002,'2025-10-13 11:39:48',869.60,1,'incomplete'),
(1003,'2025-10-13 11:42:47',110.00,1,'incomplete'),
(1008,'2025-10-13 14:10:03',400.00,1,'incomplete'),
(1009,'2025-10-13 14:43:58',150.00,1,'incomplete'),
(1010,'2025-10-13 16:36:39',200.00,1,'incomplete'),
(1011,'2025-10-13 16:36:46',100.00,1,'incomplete'),
(1012,'2025-10-13 16:36:55',50.00,1,'incomplete'),
(1014,'2025-10-13 16:46:03',50.00,1,'incomplete'),
(1015,'2025-10-13 16:46:08',620.00,1,'incomplete'),
(1016,'2025-10-13 16:48:42',820.00,1,'incomplete'),
(1017,'2025-10-13 16:48:58',200.00,1,'incomplete'),
(1019,'2025-10-13 18:05:28',150.00,1,'incomplete'),
(1020,'2025-10-13 18:44:15',240.00,1,'incomplete'),
(1021,'2025-10-14 09:23:07',200.00,1,'incomplete'),
(1022,'2025-10-14 09:23:20',640.00,1,'incomplete'),
(1023,'2025-10-14 10:50:08',50.00,1,'incomplete'),
(1024,'2025-10-14 10:50:41',100.00,1,'incomplete'),
(1025,'2025-10-14 10:50:49',300.00,1,'incomplete'),
(1026,'2025-10-14 11:43:27',7987.00,1,'incomplete'),
(1027,'2025-10-14 12:11:59',400.00,1,'incomplete'),
(1028,'2025-10-14 12:25:14',99.00,1,'incomplete'),
(1029,'2025-10-14 13:29:33',20.00,1,'incomplete'),
(1030,'2025-10-14 13:29:46',100.00,1,'incomplete'),
(1031,'2025-10-14 13:31:09',220.00,1,'incomplete'),
(1032,'2025-10-14 14:17:56',95.00,1,'incomplete'),
(1033,'2025-10-14 14:27:15',300.00,1,'incomplete'),
(1034,'2025-10-14 15:25:10',80.00,1,'incomplete'),
(1035,'2025-10-14 15:58:26',350.00,1,'incomplete'),
(1036,'2025-10-14 16:29:21',150.00,1,'incomplete'),
(1037,'2025-10-14 16:29:29',400.00,1,'incomplete'),
(1038,'2025-10-14 17:11:42',489.60,1,'incomplete'),
(1039,'2025-10-14 17:50:25',210.00,1,'incomplete'),
(1040,'2025-10-14 18:04:13',160.00,1,'incomplete'),
(1041,'2025-10-14 18:05:43',120.00,1,'incomplete'),
(1042,'2025-10-14 18:23:26',50.00,1,'incomplete'),
(1046,'2025-10-14 19:05:52',170.00,1,'incomplete'),
(1047,'2025-10-14 19:08:49',75.00,1,'incomplete'),
(1048,'2025-10-14 19:15:55',299.80,1,'incomplete'),
(1049,'2025-10-15 08:11:47',119.75,1,'incomplete'),
(1050,'2025-10-15 09:00:30',2158.20,1,'incomplete'),
(1051,'2025-10-15 09:19:05',120.00,1,'incomplete'),
(1053,'2025-10-15 09:33:29',500.00,1,'incomplete'),
(1055,'2025-10-15 10:05:39',210.00,1,'incomplete'),
(1056,'2025-10-15 11:20:56',580.00,1,'incomplete'),
(1057,'2025-10-15 11:35:35',1779.20,1,'incomplete'),
(1058,'2025-10-15 12:20:36',150.00,1,'incomplete'),
(1059,'2025-10-15 13:14:21',280.00,1,'incomplete'),
(1060,'2025-10-15 13:14:42',230.00,1,'incomplete'),
(1061,'2025-10-15 14:09:53',150.00,1,'incomplete'),
(1062,'2025-10-15 14:09:58',150.00,1,'incomplete'),
(1063,'2025-10-15 14:10:06',250.00,1,'incomplete'),
(1064,'2025-10-15 14:19:45',850.00,1,'incomplete'),
(1065,'2025-10-15 16:19:01',1250.00,1,'incomplete'),
(1066,'2025-10-15 16:32:27',850.00,1,'incomplete'),
(1067,'2025-10-15 16:33:02',50.00,1,'incomplete'),
(1068,'2025-10-15 16:50:04',150.00,1,'incomplete'),
(1069,'2025-10-15 17:11:20',140.00,1,'incomplete'),
(1070,'2025-10-15 17:52:54',130.00,1,'incomplete'),
(1071,'2025-10-15 17:53:05',199.80,1,'incomplete'),
(1072,'2025-10-15 18:02:30',380.00,1,'incomplete'),
(1075,'2025-10-16 08:36:49',60.00,1,'incomplete'),
(1081,'2025-10-16 09:10:45',200.00,1,'incomplete'),
(1084,'2025-10-16 09:14:26',70.00,1,'incomplete'),
(1085,'2025-10-16 09:19:13',304.80,1,'incomplete'),
(1086,'2025-10-16 09:41:02',130.00,1,'incomplete'),
(1093,'2025-10-16 10:24:46',50.00,1,'incomplete'),
(1094,'2025-10-16 10:36:33',330.00,1,'incomplete'),
(1095,'2025-10-16 11:04:15',60.00,1,'incomplete'),
(1096,'2025-10-16 11:19:16',360.00,1,'incomplete'),
(1097,'2025-10-16 12:36:14',400.00,1,'incomplete'),
(1099,'2025-10-16 14:05:34',300.00,1,'incomplete'),
(1100,'2025-10-16 14:05:57',680.00,1,'incomplete'),
(1102,'2025-10-16 15:36:05',100.00,1,'incomplete'),
(1104,'2025-10-16 16:13:38',820.00,1,'incomplete'),
(1105,'2025-10-16 16:16:32',250.00,1,'incomplete'),
(1106,'2025-10-16 16:59:21',197.80,1,'incomplete'),
(1107,'2025-10-16 17:45:53',110.00,1,'incomplete'),
(1108,'2025-10-16 19:10:12',370.00,1,'incomplete'),
(1109,'2025-10-16 20:09:00',100.00,1,'incomplete'),
(1115,'2025-10-17 08:50:26',470.00,1,'incomplete'),
(1116,'2025-10-17 08:51:19',250.00,1,'incomplete'),
(1117,'2025-10-17 08:51:35',200.00,1,'incomplete'),
(1119,'2025-10-17 09:15:22',150.00,1,'incomplete'),
(1120,'2025-10-17 09:23:06',680.00,1,'incomplete'),
(1121,'2025-10-17 09:42:24',500.00,1,'incomplete'),
(1122,'2025-10-17 10:17:14',320.00,1,'incomplete'),
(1123,'2025-10-17 10:44:56',280.00,1,'incomplete'),
(1124,'2025-10-17 11:38:13',650.00,1,'incomplete'),
(1125,'2025-10-17 14:09:28',50.00,1,'incomplete'),
(1127,'2025-10-17 16:16:44',90.00,1,'incomplete'),
(1128,'2025-10-17 16:19:45',45.00,1,'incomplete'),
(1134,'2025-10-17 17:43:04',119.60,1,'incomplete'),
(1135,'2025-10-17 17:52:40',150.00,1,'incomplete'),
(1136,'2025-10-18 07:23:06',500.00,1,'incomplete'),
(1137,'2025-10-18 08:05:36',150.00,1,'incomplete'),
(1138,'2025-10-18 08:05:53',140.00,1,'incomplete'),
(1139,'2025-10-18 08:41:59',100.10,1,'incomplete'),
(1140,'2025-10-18 08:51:07',120.00,1,'incomplete'),
(1141,'2025-10-18 09:29:40',850.00,1,'incomplete'),
(1142,'2025-10-18 09:30:48',580.00,1,'incomplete'),
(1143,'2025-10-18 09:54:02',30.00,1,'incomplete'),
(1144,'2025-10-18 10:03:10',270.00,1,'incomplete'),
(1145,'2025-10-18 10:03:49',98.90,1,'incomplete'),
(1146,'2025-10-18 10:04:18',199.20,1,'incomplete'),
(1148,'2025-10-18 10:43:35',100.00,1,'incomplete'),
(1149,'2025-10-18 10:51:11',360.00,1,'incomplete'),
(1150,'2025-10-18 11:16:02',80.00,1,'incomplete'),
(1151,'2025-10-18 11:23:59',210.00,1,'incomplete'),
(1152,'2025-10-18 13:59:56',150.00,1,'incomplete'),
(1153,'2025-10-18 14:25:45',110.00,1,'incomplete'),
(1154,'2025-10-18 14:46:10',350.00,1,'incomplete'),
(1155,'2025-10-18 15:30:28',821.00,1,'incomplete'),
(1156,'2025-10-18 16:25:42',200.00,1,'incomplete'),
(1157,'2025-10-18 16:25:53',200.00,1,'incomplete'),
(1158,'2025-10-18 16:34:21',299.20,1,'incomplete'),
(1159,'2025-10-18 17:46:05',100.00,1,'incomplete'),
(1160,'2025-10-18 18:10:48',250.00,1,'incomplete'),
(1161,'2025-10-18 18:26:19',50.00,1,'incomplete'),
(1162,'2025-10-18 18:35:16',120.00,1,'incomplete'),
(1163,'2025-10-19 09:46:03',200.00,1,'incomplete'),
(1164,'2025-10-19 09:49:19',150.00,1,'incomplete'),
(1165,'2025-10-19 10:08:59',200.00,1,'incomplete'),
(1166,'2025-10-19 10:29:35',329.60,1,'incomplete'),
(1169,'2025-10-19 13:51:08',1360.00,1,'incomplete'),
(1170,'2025-10-19 13:52:49',140.00,1,'incomplete'),
(1171,'2025-10-19 13:53:17',100.00,1,'incomplete'),
(1172,'2025-10-19 14:21:03',80.00,1,'incomplete'),
(1173,'2025-10-19 14:45:21',80.00,1,'incomplete'),
(1174,'2025-10-19 15:40:00',330.00,1,'incomplete'),
(1175,'2025-10-19 15:40:28',400.00,1,'incomplete'),
(1176,'2025-10-19 16:13:36',2300.00,1,'incomplete'),
(1177,'2025-10-19 16:33:08',100.00,1,'incomplete'),
(1178,'2025-10-19 16:33:15',200.00,1,'incomplete'),
(1179,'2025-10-19 16:48:24',320.00,1,'incomplete'),
(1180,'2025-10-19 18:06:47',60.00,1,'incomplete'),
(1181,'2025-10-19 18:37:27',50.00,1,'incomplete'),
(1182,'2025-10-20 08:35:33',50.00,1,'incomplete'),
(1183,'2025-10-20 08:38:28',35.00,1,'incomplete'),
(1184,'2025-10-20 09:39:12',200.00,1,'incomplete'),
(1185,'2025-10-20 13:49:25',150.00,1,'incomplete'),
(1186,'2025-10-20 14:15:36',220.00,1,'incomplete'),
(1187,'2025-10-20 14:16:29',60.00,1,'incomplete'),
(1189,'2025-10-20 16:11:10',230.00,1,'incomplete'),
(1190,'2025-10-20 16:12:22',90.00,1,'incomplete'),
(1191,'2025-10-20 16:48:08',1000.00,1,'incomplete'),
(1192,'2025-10-20 16:54:09',75.00,1,'incomplete'),
(1193,'2025-10-20 17:06:40',88.60,1,'incomplete'),
(1194,'2025-10-20 17:31:38',1300.00,1,'incomplete'),
(1196,'2025-10-20 18:18:06',200.00,1,'incomplete'),
(1197,'2025-10-20 19:14:32',150.00,1,'incomplete'),
(1198,'2025-10-21 08:07:34',200.00,1,'incomplete'),
(1199,'2025-10-21 08:28:14',950.00,1,'incomplete'),
(1200,'2025-10-21 08:59:58',210.00,1,'incomplete'),
(1201,'2025-10-21 09:42:45',80.00,1,'incomplete'),
(1202,'2025-10-21 09:42:51',210.00,1,'incomplete'),
(1203,'2025-10-21 10:10:39',740.00,1,'incomplete'),
(1204,'2025-10-21 10:15:16',550.00,1,'incomplete'),
(1205,'2025-10-21 10:25:54',300.00,1,'incomplete'),
(1207,'2025-10-21 11:05:12',150.00,1,'incomplete'),
(1208,'2025-10-21 11:05:23',300.00,1,'incomplete'),
(1209,'2025-10-21 11:10:46',350.00,1,'incomplete'),
(1210,'2025-10-21 11:11:27',35.00,1,'incomplete'),
(1211,'2025-10-21 11:26:35',60.00,1,'incomplete'),
(1212,'2025-10-21 11:35:36',50.00,1,'incomplete'),
(1213,'2025-10-21 13:24:39',50.00,1,'incomplete'),
(1214,'2025-10-21 14:37:31',499.95,1,'incomplete'),
(1216,'2025-10-21 16:54:35',380.00,1,'incomplete'),
(1217,'2025-10-21 17:46:37',200.00,1,'incomplete'),
(1218,'2025-10-21 17:52:02',60.00,1,'incomplete'),
(1219,'2025-10-21 17:53:46',30.00,1,'incomplete'),
(1220,'2025-10-21 18:07:15',220.00,1,'incomplete'),
(1221,'2025-10-21 19:06:56',60.00,1,'incomplete'),
(1222,'2025-10-21 19:07:18',120.00,1,'incomplete'),
(1223,'2025-10-22 09:25:40',199.98,1,'incomplete'),
(1224,'2025-10-22 10:31:46',4050.00,1,'incomplete'),
(1225,'2025-10-22 10:35:22',130.00,1,'incomplete'),
(1226,'2025-10-22 10:35:31',150.00,1,'incomplete'),
(1227,'2025-10-22 11:08:19',115.00,1,'incomplete'),
(1228,'2025-10-22 11:09:06',200.00,1,'incomplete'),
(1230,'2025-10-22 11:09:37',165.00,1,'incomplete'),
(1236,'2025-10-22 13:24:36',50.00,1,'incomplete'),
(1238,'2025-10-22 13:46:27',490.00,1,'incomplete'),
(1239,'2025-10-22 14:12:41',800.00,1,'incomplete'),
(1240,'2025-10-22 16:42:21',280.00,1,'incomplete'),
(1241,'2025-10-22 16:43:00',200.00,1,'incomplete'),
(1242,'2025-10-22 17:42:36',400.00,1,'incomplete'),
(1243,'2025-10-23 09:10:53',200.00,1,'incomplete'),
(1244,'2025-10-23 09:26:07',50.00,1,'incomplete'),
(1245,'2025-10-23 09:31:38',300.00,1,'incomplete'),
(1246,'2025-10-23 10:13:23',200.00,1,'incomplete'),
(1247,'2025-10-23 10:13:49',250.00,1,'incomplete'),
(1248,'2025-10-23 10:14:12',1130.00,1,'incomplete'),
(1249,'2025-10-23 10:19:27',200.00,1,'incomplete'),
(1250,'2025-10-23 10:53:09',40.00,1,'incomplete'),
(1251,'2025-10-23 11:38:53',49.94,1,'incomplete'),
(1252,'2025-10-23 11:39:04',240.00,1,'incomplete'),
(1253,'2025-10-23 14:20:05',100.00,1,'incomplete'),
(1254,'2025-10-23 15:32:10',250.00,1,'incomplete'),
(1255,'2025-10-23 16:15:09',60.00,1,'incomplete'),
(1257,'2025-10-23 16:17:40',80.00,1,'incomplete'),
(1258,'2025-10-23 16:25:44',99.20,1,'incomplete'),
(1259,'2025-10-23 16:32:49',100.00,1,'incomplete'),
(1260,'2025-10-23 16:56:46',200.00,1,'incomplete'),
(1261,'2025-10-23 17:49:04',50.00,1,'incomplete'),
(1262,'2025-10-23 19:24:37',79.80,1,'incomplete'),
(1263,'2025-10-24 09:05:37',600.00,1,'incomplete'),
(1264,'2025-10-24 09:45:59',120.00,1,'incomplete'),
(1265,'2025-10-24 11:02:49',40.00,1,'incomplete'),
(1266,'2025-10-24 14:24:46',649.99,1,'incomplete'),
(1267,'2025-10-24 15:07:17',230.00,1,'incomplete'),
(1268,'2025-10-24 15:28:09',100.00,1,'incomplete'),
(1269,'2025-10-24 15:36:07',70.00,1,'incomplete'),
(1270,'2025-10-24 15:44:41',500.00,1,'incomplete'),
(1272,'2025-10-24 16:02:07',500.00,1,'incomplete'),
(1273,'2025-10-24 17:42:35',180.00,1,'incomplete'),
(1274,'2025-10-24 17:46:10',20.00,1,'incomplete'),
(1275,'2025-10-24 18:11:04',1940.00,1,'incomplete'),
(1276,'2025-10-24 18:11:35',150.00,1,'incomplete'),
(1277,'2025-10-25 08:06:27',420.00,1,'incomplete'),
(1278,'2025-10-25 08:08:01',600.00,1,'incomplete'),
(1279,'2025-10-25 08:08:09',750.00,1,'incomplete'),
(1280,'2025-10-25 09:50:28',888.95,1,'incomplete'),
(1281,'2025-10-25 09:54:52',40.00,1,'incomplete'),
(1282,'2025-10-25 10:20:20',0.00,1,'incomplete'),
(1283,'2025-10-25 10:28:25',220.00,1,'incomplete'),
(1284,'2025-10-25 10:37:15',240.00,1,'incomplete'),
(1285,'2025-10-25 10:43:18',198.65,1,'incomplete'),
(1286,'2025-10-25 11:00:42',198.45,1,'incomplete'),
(1287,'2025-10-25 11:20:11',398.40,1,'incomplete'),
(1288,'2025-10-25 15:07:34',130.00,1,'incomplete'),
(1289,'2025-10-25 15:58:04',99.60,1,'incomplete'),
(1290,'2025-10-25 16:14:41',450.00,1,'incomplete'),
(1291,'2025-10-25 17:28:47',690.00,1,'incomplete'),
(1292,'2025-10-25 18:28:54',140.00,1,'incomplete'),
(1293,'2025-10-25 18:29:49',150.00,1,'incomplete'),
(1294,'2025-10-25 18:29:58',400.00,1,'incomplete'),
(1295,'2025-10-26 08:33:43',399.98,1,'incomplete'),
(1296,'2025-10-26 08:34:15',240.00,1,'incomplete'),
(1297,'2025-10-26 09:07:52',200.00,1,'incomplete'),
(1298,'2025-10-26 09:08:08',30.00,1,'incomplete'),
(1299,'2025-10-26 09:08:22',297.35,1,'incomplete'),
(1300,'2025-10-26 09:21:15',380.00,1,'incomplete'),
(1301,'2025-10-26 09:38:12',618.65,1,'incomplete'),
(1302,'2025-10-26 09:50:09',500.00,1,'incomplete'),
(1303,'2025-10-26 09:50:25',48.60,1,'incomplete'),
(1304,'2025-10-26 10:40:35',230.00,1,'incomplete'),
(1305,'2025-10-26 11:17:48',1280.00,1,'incomplete'),
(1306,'2025-10-26 11:23:39',210.00,1,'incomplete'),
(1307,'2025-10-26 11:29:04',170.00,1,'incomplete'),
(1308,'2025-10-26 13:30:45',300.00,1,'incomplete'),
(1309,'2025-10-26 13:30:52',1040.00,1,'incomplete'),
(1310,'2025-10-26 13:37:03',10.00,1,'incomplete'),
(1313,'2025-10-26 14:10:52',40.00,1,'incomplete'),
(1314,'2025-10-26 14:31:12',257.30,1,'incomplete'),
(1315,'2025-10-26 14:32:09',50.00,1,'incomplete'),
(1316,'2025-10-26 15:05:46',350.00,1,'incomplete'),
(1317,'2025-10-26 15:27:38',200.00,1,'incomplete'),
(1318,'2025-10-26 15:27:58',230.00,1,'incomplete'),
(1319,'2025-10-26 15:44:19',50.00,1,'incomplete'),
(1320,'2025-10-26 15:44:31',299.97,1,'incomplete'),
(1321,'2025-10-26 15:46:00',250.00,1,'incomplete'),
(1322,'2025-10-26 15:48:49',50.00,1,'incomplete'),
(1323,'2025-10-26 15:54:11',200.00,1,'incomplete'),
(1324,'2025-10-26 15:58:26',149.60,1,'incomplete'),
(1325,'2025-10-26 16:10:17',469.60,1,'incomplete'),
(1326,'2025-10-26 16:12:04',199.95,1,'incomplete'),
(1327,'2025-10-26 17:26:27',100.00,1,'incomplete'),
(1328,'2025-10-26 17:26:43',550.00,1,'incomplete'),
(1329,'2025-10-26 17:26:56',110.00,1,'incomplete'),
(1330,'2025-10-26 17:28:26',499.80,1,'incomplete'),
(1331,'2025-10-26 17:44:14',50.00,1,'incomplete'),
(1333,'2025-10-26 18:02:14',50.00,1,'incomplete'),
(1335,'2025-10-26 18:02:43',250.00,1,'incomplete'),
(1337,'2025-10-27 08:16:42',130.00,1,'incomplete'),
(1338,'2025-10-27 08:34:43',100.00,1,'incomplete'),
(1339,'2025-10-27 08:42:36',200.00,1,'incomplete'),
(1340,'2025-10-27 09:03:49',2550.00,1,'incomplete'),
(1341,'2025-10-27 09:43:15',198.65,1,'incomplete'),
(1342,'2025-10-27 10:07:23',100.00,1,'incomplete'),
(1343,'2025-10-27 10:19:23',200.00,1,'incomplete'),
(1344,'2025-10-27 10:19:46',100.00,1,'incomplete'),
(1345,'2025-10-27 10:19:57',50.00,1,'incomplete'),
(1346,'2025-10-27 10:30:55',140.00,1,'incomplete'),
(1347,'2025-10-27 11:10:19',140.00,1,'incomplete'),
(1349,'2025-10-27 13:59:45',650.00,1,'incomplete'),
(1351,'2025-10-27 14:17:22',230.00,1,'incomplete'),
(1352,'2025-10-27 14:17:52',180.00,1,'incomplete'),
(1353,'2025-10-27 15:31:03',249.60,1,'incomplete'),
(1354,'2025-10-27 15:31:48',100.00,1,'incomplete'),
(1355,'2025-10-27 15:45:57',199.88,1,'incomplete'),
(1356,'2025-10-27 16:24:10',285.00,1,'incomplete'),
(1357,'2025-10-27 17:29:13',249.60,1,'incomplete'),
(1359,'2025-10-27 17:34:19',20.00,1,'incomplete'),
(1360,'2025-10-27 17:43:35',348.00,1,'incomplete'),
(1361,'2025-10-27 17:58:37',490.00,1,'incomplete'),
(1364,'2025-10-28 08:58:18',329.80,1,'incomplete'),
(1365,'2025-10-28 09:00:14',150.00,1,'incomplete'),
(1366,'2025-10-28 09:00:27',110.00,1,'incomplete'),
(1368,'2025-10-28 09:36:32',550.00,1,'incomplete'),
(1369,'2025-10-28 10:20:14',150.00,1,'incomplete'),
(1370,'2025-10-28 10:32:38',55.00,1,'incomplete'),
(1372,'2025-10-28 10:43:16',490.00,1,'incomplete'),
(1374,'2025-10-28 11:25:58',130.00,1,'incomplete'),
(1375,'2025-10-28 13:46:10',520.00,1,'incomplete'),
(1376,'2025-10-28 15:10:14',350.00,1,'incomplete'),
(1377,'2025-10-28 15:21:17',430.00,1,'incomplete'),
(1378,'2025-10-28 15:25:51',130.00,1,'incomplete'),
(1379,'2025-10-28 15:41:14',420.00,1,'incomplete'),
(1380,'2025-10-28 16:27:04',150.00,1,'incomplete'),
(1381,'2025-10-28 16:33:47',50.00,1,'incomplete'),
(1382,'2025-10-28 16:42:50',600.00,1,'incomplete'),
(1383,'2025-10-28 16:44:36',355.00,1,'incomplete'),
(1384,'2025-10-28 17:25:03',159.95,1,'incomplete'),
(1385,'2025-10-29 08:44:34',124.70,1,'incomplete'),
(1386,'2025-10-29 08:44:45',110.00,1,'incomplete'),
(1387,'2025-10-29 08:45:20',750.00,1,'incomplete'),
(1388,'2025-10-29 08:46:50',980.00,1,'incomplete'),
(1389,'2025-10-29 08:58:11',50.00,1,'incomplete'),
(1390,'2025-10-29 08:58:22',50.00,1,'incomplete'),
(1392,'2025-10-29 09:05:21',80.00,1,'incomplete'),
(1393,'2025-10-29 09:25:37',1280.00,1,'incomplete'),
(1394,'2025-10-29 10:16:36',200.00,1,'incomplete'),
(1396,'2025-10-29 10:52:18',189.80,1,'incomplete'),
(1397,'2025-10-29 14:25:29',69.60,1,'incomplete'),
(1399,'2025-10-29 14:33:50',150.00,1,'incomplete'),
(1400,'2025-10-29 15:08:56',440.00,1,'incomplete'),
(1401,'2025-10-29 15:19:26',80.00,1,'incomplete'),
(1402,'2025-10-29 15:55:06',630.00,1,'incomplete'),
(1403,'2025-10-29 16:12:18',419.50,1,'incomplete'),
(1404,'2025-10-29 16:16:02',150.00,1,'incomplete'),
(1405,'2025-10-29 16:16:12',80.00,1,'incomplete'),
(1406,'2025-10-29 16:20:37',300.00,1,'incomplete'),
(1407,'2025-10-29 17:50:42',100.00,1,'incomplete'),
(1409,'2025-10-29 18:05:58',298.45,1,'incomplete'),
(1410,'2025-10-29 18:11:45',73.95,1,'incomplete'),
(1411,'2025-10-29 18:53:08',450.00,1,'incomplete'),
(1412,'2025-10-30 07:16:52',149.00,1,'incomplete'),
(1416,'2025-10-30 08:16:51',130.00,1,'incomplete'),
(1417,'2025-10-30 08:35:54',300.00,1,'incomplete'),
(1418,'2025-10-30 08:43:13',20.00,1,'incomplete'),
(1419,'2025-10-30 09:16:16',330.00,1,'incomplete'),
(1420,'2025-10-30 09:27:14',450.00,1,'incomplete'),
(1421,'2025-10-30 09:27:35',230.00,1,'incomplete'),
(1422,'2025-10-30 09:56:03',150.00,1,'incomplete'),
(1423,'2025-10-30 10:05:15',49.60,1,'incomplete'),
(1424,'2025-10-30 10:06:22',50.00,1,'incomplete'),
(1427,'2025-10-30 10:37:26',230.00,1,'incomplete'),
(1428,'2025-10-30 11:05:13',40.00,1,'incomplete'),
(1429,'2025-10-30 11:10:28',49.50,1,'incomplete'),
(1430,'2025-10-30 11:12:05',100.00,1,'incomplete'),
(1431,'2025-10-30 11:17:57',179.00,1,'incomplete'),
(1432,'2025-10-30 11:29:05',220.00,1,'incomplete'),
(1433,'2025-10-30 13:13:55',400.00,1,'incomplete'),
(1434,'2025-10-30 13:14:04',299.00,1,'incomplete'),
(1435,'2025-10-30 13:31:03',50.00,1,'incomplete'),
(1436,'2025-10-30 14:25:12',619.95,1,'incomplete'),
(1437,'2025-10-30 14:34:10',235.00,1,'incomplete'),
(1438,'2025-10-30 14:38:19',200.00,1,'incomplete'),
(1440,'2025-10-30 15:57:58',130.00,1,'incomplete'),
(1441,'2025-10-30 15:58:25',100.00,1,'incomplete'),
(1442,'2025-10-30 15:58:40',95.00,1,'incomplete'),
(1443,'2025-10-30 16:00:41',95.00,1,'incomplete'),
(1444,'2025-10-30 16:36:31',130.00,1,'incomplete'),
(1445,'2025-10-30 16:40:13',130.00,1,'incomplete'),
(1446,'2025-10-30 16:52:06',100.00,1,'incomplete'),
(1447,'2025-10-30 18:18:54',200.00,1,'incomplete'),
(1448,'2025-11-01 12:45:57',50.00,1,'incomplete'),
(1449,'2025-11-01 13:54:37',200.00,1,'incomplete'),
(1450,'2025-11-01 14:34:38',300.00,1,'incomplete'),
(1456,'2025-11-01 16:30:32',99.50,1,'incomplete'),
(1459,'2025-11-01 18:22:55',1589.98,1,'incomplete'),
(1460,'2025-11-02 09:28:49',880.00,1,'incomplete'),
(1461,'2025-11-02 10:06:39',80.00,1,'incomplete'),
(1463,'2025-11-02 10:27:39',620.00,1,'incomplete'),
(1466,'2025-11-02 10:49:53',429.58,1,'incomplete'),
(1467,'2025-11-02 13:02:11',1450.00,1,'incomplete'),
(1468,'2025-11-02 13:38:52',150.00,1,'incomplete'),
(1470,'2025-11-02 14:18:10',210.00,1,'incomplete'),
(1471,'2025-11-02 14:18:21',810.00,1,'incomplete'),
(1473,'2025-11-02 14:26:26',1340.00,1,'incomplete'),
(1474,'2025-11-02 14:56:08',200.00,1,'incomplete'),
(1475,'2025-11-02 15:15:59',220.00,1,'incomplete'),
(1478,'2025-11-02 15:20:52',790.00,1,'incomplete'),
(1479,'2025-11-02 15:21:54',260.00,1,'incomplete'),
(1480,'2025-11-02 15:26:36',30.00,1,'incomplete'),
(1481,'2025-11-02 15:52:54',60.00,1,'incomplete'),
(1483,'2025-11-02 16:12:30',1499.90,1,'incomplete'),
(1484,'2025-11-02 17:37:59',100.00,1,'incomplete'),
(1485,'2025-11-02 17:38:06',150.00,1,'incomplete'),
(1486,'2025-11-02 17:38:16',550.00,1,'incomplete'),
(1487,'2025-11-02 18:27:31',200.00,1,'incomplete'),
(1488,'2025-11-02 18:27:37',750.00,1,'incomplete'),
(1489,'2025-11-02 18:27:49',450.00,1,'incomplete'),
(1490,'2025-11-03 09:22:54',250.00,1,'incomplete'),
(1491,'2025-11-03 09:23:07',200.00,1,'incomplete'),
(1492,'2025-11-03 09:23:22',820.00,1,'incomplete'),
(1493,'2025-11-03 09:23:45',250.00,1,'incomplete'),
(1494,'2025-11-03 09:24:07',250.00,1,'incomplete'),
(1495,'2025-11-03 09:27:51',100.00,1,'incomplete'),
(1496,'2025-11-03 10:06:14',100.00,1,'incomplete'),
(1497,'2025-11-03 10:25:13',200.00,1,'incomplete'),
(1499,'2025-11-03 10:49:01',250.00,1,'incomplete'),
(1500,'2025-11-03 10:55:03',100.00,1,'incomplete'),
(1501,'2025-11-03 10:55:10',400.00,1,'incomplete'),
(1502,'2025-11-03 11:18:14',150.00,1,'incomplete'),
(1503,'2025-11-03 13:23:03',100.00,1,'incomplete'),
(1504,'2025-11-03 13:57:50',150.00,1,'incomplete'),
(1505,'2025-11-03 15:02:51',50.00,1,'incomplete'),
(1506,'2025-11-03 15:28:55',120.00,1,'incomplete'),
(1507,'2025-11-03 15:42:25',480.00,1,'incomplete'),
(1509,'2025-11-03 15:58:03',50.00,1,'incomplete'),
(1510,'2025-11-03 16:15:30',100.00,1,'incomplete'),
(1513,'2025-11-03 17:15:48',350.00,1,'incomplete'),
(1514,'2025-11-03 17:50:20',350.00,1,'incomplete'),
(1515,'2025-11-03 18:18:07',100.00,1,'incomplete'),
(1516,'2025-11-03 18:20:18',530.00,1,'incomplete'),
(1517,'2025-11-04 09:13:00',840.00,1,'incomplete'),
(1518,'2025-11-04 09:13:24',300.00,1,'incomplete'),
(1519,'2025-11-04 09:13:56',130.00,1,'incomplete'),
(1520,'2025-11-04 09:27:19',300.00,1,'incomplete'),
(1521,'2025-11-04 09:53:37',830.00,1,'incomplete'),
(1522,'2025-11-04 09:53:47',570.00,1,'incomplete'),
(1524,'2025-11-04 10:05:36',100.00,1,'incomplete'),
(1525,'2025-11-04 10:50:54',200.00,1,'incomplete'),
(1526,'2025-11-04 11:14:37',150.00,1,'incomplete'),
(1527,'2025-11-04 13:05:13',250.00,1,'incomplete'),
(1528,'2025-11-04 13:27:32',90.00,1,'incomplete'),
(1529,'2025-11-04 16:12:50',190.00,1,'incomplete'),
(1530,'2025-11-04 16:13:49',100.00,1,'incomplete'),
(1531,'2025-11-04 16:14:37',100.00,1,'incomplete'),
(1532,'2025-11-04 16:35:48',0.00,1,'incomplete'),
(1533,'2025-11-04 16:38:05',0.00,1,'incomplete'),
(1534,'2025-11-04 17:27:32',2250.00,1,'incomplete'),
(1535,'2025-11-04 17:29:01',300.00,1,'incomplete'),
(1536,'2025-11-04 17:56:44',80.00,1,'incomplete'),
(1537,'2025-11-05 08:15:36',40.00,1,'incomplete'),
(1538,'2025-11-05 08:15:51',50.00,1,'incomplete'),
(1539,'2025-11-05 09:14:09',1290.00,1,'incomplete'),
(1540,'2025-11-05 09:18:58',200.00,1,'incomplete'),
(1541,'2025-11-06 08:54:21',50.00,2,'incomplete'),
(1542,'2025-11-08 10:41:13',130.00,1,'incomplete'),
(1544,'2025-11-14 17:59:41',2360.00,1,'incomplete'),
(1545,'2025-11-15 17:23:10',6750.00,1,'incomplete'),
(1547,'2025-11-23 09:34:53',NULL,2,'incomplete'),
(1548,'2025-11-23 09:39:21',NULL,2,'incomplete'),
(1549,'2025-11-23 09:39:30',NULL,2,'incomplete'),
(1550,'2025-11-23 09:39:36',NULL,2,'incomplete'),
(1551,'2025-11-23 09:43:16',NULL,2,'incomplete'),
(1552,'2025-11-23 09:43:29',NULL,2,'incomplete'),
(1553,'2025-11-23 09:43:33',NULL,2,'incomplete'),
(1554,'2025-11-23 09:43:42',NULL,2,'incomplete'),
(1555,'2025-11-23 09:44:11',NULL,2,'incomplete'),
(1556,'2025-11-23 09:44:32',NULL,2,'incomplete'),
(1557,'2025-11-23 09:44:35',NULL,2,'incomplete'),
(1558,'2025-11-23 09:45:05',NULL,2,'incomplete'),
(1559,'2025-11-23 09:45:07',NULL,2,'incomplete'),
(1560,'2025-11-23 11:17:03',NULL,2,'incomplete'),
(1561,'2025-11-24 14:07:45',NULL,2,'incomplete'),
(1562,'2025-11-24 14:09:53',NULL,2,'incomplete'),
(1563,'2025-11-24 14:49:59',NULL,2,'incomplete'),
(1564,'2025-11-24 14:51:46',NULL,2,'incomplete'),
(1565,'2025-11-24 14:53:27',NULL,2,'incomplete'),
(1566,'2025-11-24 14:57:09',NULL,2,'incomplete'),
(1567,'2025-11-24 14:59:10',NULL,2,'incomplete'),
(1568,'2025-11-24 14:59:52',NULL,2,'incomplete'),
(1569,'2025-11-24 15:01:49',NULL,2,'incomplete'),
(1570,'2025-11-24 15:05:08',NULL,2,'incomplete'),
(1571,'2025-11-24 15:10:23',NULL,2,'incomplete'),
(1572,'2025-11-24 15:10:46',NULL,2,'incomplete'),
(1573,'2025-11-24 15:14:26',NULL,2,'incomplete'),
(1574,'2025-11-24 15:14:40',NULL,2,'incomplete'),
(1575,'2025-11-24 15:15:18',NULL,2,'incomplete'),
(1576,'2025-11-24 15:20:06',NULL,2,'incomplete'),
(1577,'2025-11-24 15:20:50',NULL,2,'incomplete'),
(1578,'2025-11-24 16:59:41',NULL,2,'incomplete'),
(1579,'2025-11-24 17:34:48',NULL,2,'incomplete'),
(1580,'2025-11-24 17:36:47',NULL,2,'incomplete'),
(1581,'2025-11-24 17:57:19',NULL,2,'incomplete'),
(1582,'2025-11-24 17:58:53',NULL,2,'incomplete'),
(1583,'2025-11-24 20:13:18',NULL,2,'incomplete'),
(1584,'2025-11-25 10:31:44',NULL,2,'incomplete'),
(1585,'2025-11-25 10:39:38',NULL,2,'incomplete'),
(1586,'2025-11-25 10:50:15',NULL,2,'incomplete'),
(1587,'2025-11-25 10:50:32',NULL,2,'incomplete'),
(1588,'2025-11-25 10:57:15',NULL,2,'incomplete'),
(1589,'2025-11-25 11:10:15',NULL,2,'incomplete'),
(1590,'2025-11-25 11:11:55',NULL,2,'incomplete'),
(1591,'2025-11-25 11:13:27',NULL,2,'incomplete'),
(1592,'2025-11-25 11:13:28',NULL,2,'incomplete'),
(1593,'2025-11-25 11:13:32',NULL,2,'incomplete'),
(1594,'2025-11-25 11:16:19',NULL,2,'incomplete'),
(1595,'2025-11-25 11:25:23',NULL,2,'incomplete'),
(1596,'2025-11-25 11:25:25',NULL,2,'incomplete'),
(1597,'2025-11-25 13:07:44',NULL,2,'incomplete'),
(1598,'2025-11-25 13:44:14',NULL,2,'incomplete'),
(1599,'2025-11-25 13:44:17',NULL,2,'incomplete'),
(1600,'2025-11-25 13:44:21',NULL,2,'incomplete'),
(1601,'2025-11-25 14:42:57',NULL,2,'incomplete'),
(1602,'2025-11-25 14:44:45',NULL,2,'incomplete'),
(1603,'2025-11-25 14:53:29',NULL,2,'incomplete'),
(1604,'2025-11-25 14:54:01',NULL,2,'incomplete'),
(1605,'2025-11-25 15:01:33',NULL,2,'incomplete'),
(1606,'2025-11-25 15:01:44',NULL,2,'incomplete'),
(1607,'2025-11-25 15:11:34',NULL,2,'incomplete'),
(1608,'2025-11-25 15:12:24',NULL,2,'incomplete'),
(1609,'2025-11-26 09:20:33',NULL,2,'incomplete'),
(1610,'2025-11-26 09:31:46',NULL,2,'incomplete'),
(1611,'2025-11-26 09:47:01',NULL,2,'incomplete'),
(1612,'2025-11-26 10:20:22',NULL,2,'incomplete'),
(1613,'2025-11-26 13:31:06',1014600.00,2,'incomplete'),
(1614,'2025-11-26 13:58:05',NULL,2,'incomplete'),
(1615,'2025-11-26 14:01:45',0.00,2,'incomplete'),
(1616,'2025-11-26 14:07:57',NULL,2,'incomplete'),
(1617,'2025-11-26 15:05:11',NULL,2,'incomplete'),
(1618,'2025-11-27 10:32:46',NULL,2,NULL),
(1619,'2025-11-27 10:34:34',NULL,2,NULL),
(1620,'2025-11-27 10:37:11',NULL,2,'incomplete'),
(1621,'2025-11-27 10:37:37',NULL,2,'incomplete'),
(1622,'2025-11-27 10:37:43',NULL,2,'incomplete'),
(1623,'2025-11-27 10:41:26',NULL,2,'incomplete'),
(1624,'2025-11-27 10:41:35',NULL,2,'incomplete'),
(1625,'2025-11-27 10:42:10',NULL,2,'incomplete'),
(1626,'2025-11-27 10:42:39',NULL,2,'incomplete'),
(1627,'2025-11-27 10:44:11',NULL,2,'incomplete'),
(1628,'2025-11-27 10:49:23',NULL,2,'incomplete'),
(1629,'2025-11-27 11:04:27',NULL,2,'incomplete'),
(1630,'2025-11-27 11:04:34',NULL,2,'incomplete'),
(1631,'2025-11-27 11:06:10',NULL,2,'incomplete'),
(1632,'2025-11-27 11:28:43',NULL,2,'incomplete'),
(1633,'2025-11-27 11:28:54',NULL,2,'incomplete'),
(1634,'2025-11-27 12:47:42',NULL,2,'incomplete'),
(1640,'2025-11-27 14:06:35',0.00,2,'complete'),
(1644,'2025-11-27 15:31:02',0.00,2,'complete');
/*!40000 ALTER TABLE `sales` ENABLE KEYS */;
UNLOCK TABLES;
commit;

--
-- Table structure for table `suppliers`
--

DROP TABLE IF EXISTS `suppliers`;
/*!40101 SET @saved_cs_client     = @@character_set_client */;
/*!40101 SET character_set_client = utf8mb4 */;
CREATE TABLE `suppliers` (
  `supplier_id` int(11) NOT NULL AUTO_INCREMENT,
  `name` varchar(64) DEFAULT NULL,
  `phone` varchar(64) DEFAULT NULL,
  `Email` varchar(128) DEFAULT NULL,
  `user_id` int(11) NOT NULL,
  PRIMARY KEY (`supplier_id`),
  KEY `fk_user_suppliers` (`user_id`),
  CONSTRAINT `fk_user_suppliers` FOREIGN KEY (`user_id`) REFERENCES `user` (`id`)
) ENGINE=InnoDB AUTO_INCREMENT=27 DEFAULT CHARSET=utf8mb4 COLLATE=utf8mb4_uca1400_ai_ci;
/*!40101 SET character_set_client = @saved_cs_client */;

--
-- Dumping data for table `suppliers`
--

LOCK TABLES `suppliers` WRITE;
/*!40000 ALTER TABLE `suppliers` DISABLE KEYS */;
set autocommit=0;
INSERT INTO `suppliers` VALUES
(1,'Mohamed','0559416033','mohamedtouabtiem1@gmail.com',1),
(2,'X2','65','kdkd',1),
(3,'X3','65','kdkd',1),
(4,'X4','65','kdkd',1),
(5,'Uj','66','j',1),
(6,'Uj','66','j',1),
(7,'Uj','66','j',1),
(8,'Uj','66','j',1),
(9,'Uj','66','j',1),
(10,'Kk','33','ki',1),
(11,'Kk','33','ki',1),
(12,'Kk','33','ki',1),
(13,'Opening_20250911_1826','','',1),
(14,'Opening_20250911_1830','','',1),
(15,'Opening_20250911_1832','','',1),
(16,'Optilla','','',1),
(17,'جمال','','',1),
(18,'Prod.yasmine','','',1),
(19,'Dedjdene','','',1),
(20,'Prod.mounia','','',1),
(21,'Ville','','',1),
(22,'Oplinne','','',1),
(24,'Opening_20251122_1822','','',2),
(25,'Opening_20251122_1823','','',2),
(26,'Opening_20251122_1837','','',2);
/*!40000 ALTER TABLE `suppliers` ENABLE KEYS */;
UNLOCK TABLES;
commit;

--
-- Table structure for table `transactions`
--

DROP TABLE IF EXISTS `transactions`;
/*!40101 SET @saved_cs_client     = @@character_set_client */;
/*!40101 SET character_set_client = utf8mb4 */;
CREATE TABLE `transactions` (
  `id` int(11) NOT NULL AUTO_INCREMENT,
  `date` datetime DEFAULT current_timestamp(),
  `type` varchar(50) DEFAULT NULL,
  `amount` float NOT NULL,
  `sale_id` int(11) DEFAULT NULL,
  `purchase_id` int(11) DEFAULT NULL,
  `note` varchar(255) DEFAULT NULL,
  `user_id` int(11) NOT NULL,
  PRIMARY KEY (`id`),
  KEY `sale_id` (`sale_id`),
  KEY `purchase_id` (`purchase_id`),
  KEY `fk_user_transactions` (`user_id`),
  CONSTRAINT `fk_user_transactions` FOREIGN KEY (`user_id`) REFERENCES `user` (`id`),
  CONSTRAINT `transactions_ibfk_1` FOREIGN KEY (`sale_id`) REFERENCES `sales` (`sale_id`),
  CONSTRAINT `transactions_ibfk_2` FOREIGN KEY (`purchase_id`) REFERENCES `purchases` (`purchase_id`)
) ENGINE=InnoDB AUTO_INCREMENT=1391 DEFAULT CHARSET=utf8mb4 COLLATE=utf8mb4_uca1400_ai_ci;
/*!40101 SET character_set_client = @saved_cs_client */;

--
-- Dumping data for table `transactions`
--

LOCK TABLES `transactions` WRITE;
/*!40000 ALTER TABLE `transactions` DISABLE KEYS */;
set autocommit=0;
INSERT INTO `transactions` VALUES
(1,'2025-09-16 16:20:05','sale',225,325,NULL,NULL,1),
(2,'2025-09-16 16:20:21','sale',100,326,NULL,NULL,1),
(3,'2025-09-16 17:22:22','sale',690,327,NULL,NULL,1),
(4,'2025-09-16 18:13:33','sale',30,328,NULL,NULL,1),
(5,'2025-09-16 18:13:45','sale',90,329,NULL,NULL,1),
(6,'2025-09-16 18:13:57','sale',80,330,NULL,NULL,1),
(7,'2025-09-16 19:23:29','sale',220,331,NULL,NULL,1),
(8,'2025-09-16 19:30:29','start money',1095,NULL,NULL,NULL,1),
(9,'2025-09-16 19:33:18','withdraw',7085,NULL,NULL,NULL,1),
(11,'2025-09-16 20:20:40','sale',20,NULL,NULL,NULL,1),
(12,'2025-09-16 20:20:40','sale',100,NULL,NULL,NULL,1),
(13,'2025-09-16 20:20:40','sale',650,NULL,NULL,NULL,1),
(14,'2025-09-16 20:20:40','sale',100,NULL,NULL,NULL,1),
(15,'2025-09-16 20:20:40','sale',950,NULL,NULL,NULL,1),
(16,'2025-09-16 20:20:40','sale',100,NULL,NULL,NULL,1),
(17,'2025-09-16 20:20:40','sale',4460,NULL,NULL,NULL,1),
(18,'2025-09-16 20:20:40','sale',200,NULL,NULL,NULL,1),
(19,'2025-09-16 20:20:40','sale',1300,NULL,NULL,NULL,1),
(20,'2025-09-16 20:20:40','sale',100,NULL,NULL,NULL,1),
(21,'2025-09-16 20:20:40','sale',270,NULL,NULL,NULL,1),
(22,'2025-09-16 20:23:11','sale',200,334,NULL,NULL,1),
(23,'2025-09-16 21:09:50','sale',200,335,NULL,NULL,1),
(24,'2025-09-17 10:04:00','sale',150,337,NULL,NULL,1),
(25,'2025-09-17 10:14:30','sale',210,338,NULL,NULL,1),
(26,'2025-09-17 10:15:21','sale',1000,339,NULL,NULL,1),
(31,'2025-09-17 11:22:45','sale',100,342,NULL,NULL,1),
(32,'2025-09-17 11:24:10','sale',60,343,NULL,NULL,1),
(33,'2025-09-17 11:24:47','sale',380,344,NULL,NULL,1),
(34,'2025-09-17 11:25:16','sale',300,345,NULL,NULL,1),
(35,'2025-09-17 11:25:42','sale',190,346,NULL,NULL,1),
(38,'2025-09-17 12:08:51','start money',1610,NULL,NULL,NULL,1),
(39,'2025-09-16 00:00:00','withdraw',1000,NULL,NULL,NULL,1),
(40,'2025-09-17 12:38:40','sale',600,347,NULL,NULL,1),
(42,'2025-09-17 15:20:30','sale',900,348,NULL,NULL,1),
(43,'2025-09-17 15:36:04','sale',300,349,NULL,NULL,1),
(44,'2025-09-17 16:11:36','sale',120,350,NULL,NULL,1),
(45,'2025-09-17 16:48:22','sale',220,351,NULL,NULL,1),
(46,'2025-09-17 17:03:12','sale',1100,352,NULL,NULL,1),
(47,'2025-09-17 17:03:33','sale',500,353,NULL,NULL,1),
(48,'2025-09-17 17:35:52','sale',685,355,NULL,NULL,1),
(49,'2025-09-17 17:36:03','sale',280,356,NULL,NULL,1),
(51,'2025-09-17 17:36:49','sale',150,358,NULL,NULL,1),
(52,'2025-09-17 17:37:02','sale',180,359,NULL,NULL,1),
(53,'2025-09-17 17:52:38','withdraw',5000,NULL,NULL,NULL,1),
(54,'2025-09-17 18:47:17','sale',365,361,NULL,NULL,1),
(56,'2025-09-17 18:48:22','sale',60,363,NULL,NULL,1),
(57,'2025-09-17 19:32:58','sale',270,364,NULL,NULL,1),
(58,'2025-09-17 19:46:02','sale',500,366,NULL,NULL,1),
(59,'2025-09-17 19:56:21','sale',50,367,NULL,NULL,1),
(60,'2025-09-17 19:58:55','sale',100,368,NULL,NULL,1),
(61,'2025-09-17 20:20:31','sale',95,369,NULL,NULL,1),
(62,'2025-09-17 20:54:35','sale',95,370,NULL,NULL,1),
(63,'2025-09-17 21:05:21','sale',105,372,NULL,NULL,1),
(64,'2025-09-17 21:08:07','sale',500,373,NULL,NULL,1),
(65,'2025-09-18 09:05:07','sale',180,374,NULL,NULL,1),
(66,'2025-09-18 09:07:27','startmoney',725,NULL,NULL,NULL,1),
(69,'2025-09-18 10:04:35','sale',2000,376,NULL,NULL,1),
(70,'2025-09-18 10:35:18','sale',80,377,NULL,NULL,1),
(71,'2025-09-18 10:35:46','sale',600,378,NULL,NULL,1),
(72,'2025-09-18 10:36:31','sale',50,379,NULL,NULL,1),
(73,'2025-09-18 11:05:35','sale',300,380,NULL,NULL,1),
(74,'2025-09-18 11:15:15','sale',60,381,NULL,NULL,1),
(75,'2025-09-18 11:21:43','sale',100,382,NULL,NULL,1),
(76,'2025-09-18 11:50:01','sale',110,383,NULL,NULL,1),
(77,'2025-09-18 12:06:52','sale',530,384,NULL,NULL,1),
(78,'2025-09-18 12:22:46','sale',550,385,NULL,NULL,1),
(79,'2025-09-18 12:40:24','withdraw',3000,NULL,NULL,NULL,1),
(80,'2025-09-19 14:14:55','sale',85,386,NULL,NULL,1),
(82,'2025-09-19 00:00:00','startmoney',935,NULL,NULL,NULL,1),
(83,'2025-09-19 15:51:42','sale',220,387,NULL,NULL,1),
(84,'2025-09-19 16:02:06','sale',30,388,NULL,NULL,1),
(85,'2025-09-19 16:09:33','sale',30,389,NULL,NULL,1),
(86,'2025-09-19 16:09:52','sale',200,390,NULL,NULL,1),
(87,'2025-09-19 17:12:09','sale',140,392,NULL,NULL,1),
(88,'2025-09-19 18:27:26','sale',280,393,NULL,NULL,1),
(89,'2025-09-19 18:27:40','sale',920,394,NULL,NULL,1),
(90,'2025-09-19 18:28:53','sale',820,396,NULL,NULL,1),
(93,'2025-09-19 19:55:23','sale',100,399,NULL,NULL,1),
(94,'2025-09-19 00:00:00','withdraw',20,NULL,NULL,NULL,1),
(95,'2025-09-20 00:00:00','startmoney',3740,NULL,NULL,NULL,1),
(96,'2025-09-20 09:13:20','sale',450,400,NULL,NULL,1),
(97,'2025-09-20 09:19:12','sale',50,401,NULL,NULL,1),
(98,'2025-09-20 09:19:52','sale',225,402,NULL,NULL,1),
(99,'2025-09-20 11:31:20','sale',100,404,NULL,NULL,1),
(100,'2025-09-20 11:34:18','sale',75,405,NULL,NULL,1),
(101,'2025-09-20 11:38:44','sale',640,406,NULL,NULL,1),
(102,'2025-09-20 11:49:47','sale',220,407,NULL,NULL,1),
(103,'2025-09-20 11:55:04','sale',620,408,NULL,NULL,1),
(105,'2025-09-20 12:13:52','sale',100,410,NULL,NULL,1),
(106,'2025-09-20 12:25:30','sale',160,411,NULL,NULL,1),
(108,'2025-09-20 12:36:15','sale',140,412,NULL,NULL,1),
(109,'2025-09-20 15:11:23','withdraw',4060,NULL,NULL,NULL,1),
(110,'2025-09-20 15:16:57','sale',50,413,NULL,NULL,1),
(111,'2025-09-20 15:17:50','sale',95,414,NULL,NULL,1),
(112,'2025-09-20 15:25:46','sale',2660,415,NULL,NULL,1),
(113,'2025-09-20 15:27:04','sale',290,416,NULL,NULL,1),
(114,'2025-09-20 15:43:03','sale',150,417,NULL,NULL,1),
(115,'2025-09-20 15:43:11','sale',100,418,NULL,NULL,1),
(116,'2025-09-20 16:40:53','sale',250,419,NULL,NULL,1),
(117,'2025-09-20 17:15:02','sale',300,420,NULL,NULL,1),
(118,'2025-09-20 18:01:32','sale',200,421,NULL,NULL,1),
(119,'2025-09-20 18:33:22','sale',450,422,NULL,NULL,1),
(120,'2025-09-20 18:33:48','sale',500,423,NULL,NULL,1),
(121,'2025-09-20 18:34:31','sale',360,424,NULL,NULL,1),
(122,'2025-09-20 18:53:20','sale',230,425,NULL,NULL,1),
(123,'2025-09-20 19:25:49','sale',400,426,NULL,NULL,1),
(124,'2025-09-20 20:04:27','sale',1000,427,NULL,NULL,1),
(125,'2025-09-20 20:04:58','sale',400,429,NULL,NULL,1),
(129,'2025-09-20 21:02:42','sale',40,433,NULL,NULL,1),
(130,'2025-09-21 08:14:10','sale',30,434,NULL,NULL,1),
(132,'2025-09-21 00:00:00','startmoney',1985,NULL,NULL,NULL,1),
(133,'2025-09-21 09:36:35','sale',1600,437,NULL,NULL,1),
(134,'2025-09-21 09:40:47','sale',60,438,NULL,NULL,1),
(135,'2025-09-21 09:41:07','sale',100,439,NULL,NULL,1),
(136,'2025-09-21 10:07:00','sale',200,440,NULL,NULL,1),
(137,'2025-09-21 10:27:55','sale',100,441,NULL,NULL,1),
(138,'2025-09-21 11:13:33','sale',250,442,NULL,NULL,1),
(139,'2025-09-21 11:13:52','sale',700,443,NULL,NULL,1),
(140,'2025-09-21 11:37:07','sale',125,444,NULL,NULL,1),
(141,'2025-09-21 11:50:51','sale',100,445,NULL,NULL,1),
(143,'2025-09-21 12:42:35','sale',400,447,NULL,NULL,1),
(144,'2025-09-21 12:43:12','sale',215,448,NULL,NULL,1),
(145,'2025-09-21 12:43:28','withdraw',2000,NULL,NULL,NULL,1),
(146,'2025-09-21 13:54:26','sale',20,449,NULL,NULL,1),
(147,'2025-09-21 14:33:22','sale',200,450,NULL,NULL,1),
(148,'2025-09-21 14:56:42','sale',90,451,NULL,NULL,1),
(149,'2025-09-21 15:22:13','sale',810,452,NULL,NULL,1),
(150,'2025-09-21 16:38:39','sale',220,453,NULL,NULL,1),
(151,'2025-09-21 17:12:56','sale',980,454,NULL,NULL,1),
(152,'2025-09-21 17:13:06','sale',200,455,NULL,NULL,1),
(153,'2025-09-21 18:11:46','sale',700,456,NULL,NULL,1),
(155,'2025-09-21 19:25:46','sale',230,458,NULL,NULL,1),
(157,'2025-09-21 20:15:09','sale',100,460,NULL,NULL,1),
(158,'2025-09-22 08:32:52','sale',150,461,NULL,NULL,1),
(159,'2025-09-22 09:16:53','sale',130,462,NULL,NULL,1),
(160,'2025-09-22 09:55:23','sale',1330,482,NULL,NULL,1),
(161,'2025-09-22 00:00:00','startmoney',1000,NULL,NULL,NULL,1),
(165,'2025-09-22 10:38:49','sale',210,495,NULL,NULL,1),
(167,'2025-09-22 11:56:40','sale',360,497,NULL,NULL,1),
(169,'2025-09-22 14:29:30','sale',150,499,NULL,NULL,1),
(170,'2025-09-22 14:30:13','withdraw',500,NULL,NULL,NULL,1),
(171,'2025-09-22 15:19:00','sale',120,501,NULL,NULL,1),
(172,'2025-09-22 15:38:08','sale',60,502,NULL,NULL,1),
(173,'2025-09-22 16:02:54','sale',230,503,NULL,NULL,1),
(174,'2025-09-22 16:42:44','sale',60,504,NULL,NULL,1),
(175,'2025-09-22 17:01:16','sale',520,505,NULL,NULL,1),
(176,'2025-09-22 17:21:14','sale',400,506,NULL,NULL,1),
(177,'2025-09-22 18:00:32','sale',200,507,NULL,NULL,1),
(178,'2025-09-22 19:39:32','sale',250,508,NULL,NULL,1),
(179,'2025-09-22 19:57:28','sale',645,509,NULL,NULL,1),
(180,'2025-09-22 20:11:19','sale',50,510,NULL,NULL,1),
(181,'2025-09-22 20:43:10','sale',20,511,NULL,NULL,1),
(182,'2025-09-22 20:47:58','sale',100,512,NULL,NULL,1),
(183,'2025-09-22 21:00:12','sale',180,513,NULL,NULL,1),
(185,'2025-09-22 21:26:29','sale',200,515,NULL,NULL,1),
(186,'2025-09-22 21:26:59','sale',50,516,NULL,NULL,1),
(187,'2025-09-23 00:00:00','startmoney',1030,NULL,NULL,NULL,1),
(188,'2025-09-23 08:51:39','sale',230,517,NULL,NULL,1),
(190,'2025-09-23 10:21:21','sale',50,518,NULL,NULL,1),
(191,'2025-09-23 10:32:28','sale',60,519,NULL,NULL,1),
(192,'2025-09-23 10:35:31','sale',180,520,NULL,NULL,1),
(193,'2025-09-23 10:36:12','forgive',10,NULL,NULL,NULL,1),
(194,'2025-09-23 11:03:54','sale',70,521,NULL,NULL,1),
(195,'2025-09-23 11:04:12','extra',20,NULL,NULL,NULL,1),
(196,'2025-09-23 11:50:00','sale',100,522,NULL,NULL,1),
(197,'2025-09-23 12:02:21','sale',750,523,NULL,NULL,1),
(198,'2025-09-23 12:35:35','sale',200,524,NULL,NULL,1),
(199,'2025-09-23 12:35:47','sale',20,525,NULL,NULL,1),
(200,'2025-09-23 12:38:04','sale',150,526,NULL,NULL,1),
(201,'2025-09-23 13:16:27','sale',50,527,NULL,NULL,1),
(202,'2025-09-23 15:03:42','withdraw',500,NULL,NULL,NULL,1),
(203,'2025-09-23 15:28:31','sale',300,530,NULL,NULL,1),
(204,'2025-09-23 15:31:27','sale',50,531,NULL,NULL,1),
(205,'2025-09-23 15:32:28','sale',500,532,NULL,NULL,1),
(206,'2025-09-23 16:12:51','sale',250,533,NULL,NULL,1),
(207,'2025-09-23 16:55:28','sale',100,535,NULL,NULL,1),
(208,'2025-09-23 16:55:58','sale',390,536,NULL,NULL,1),
(209,'2025-09-23 17:20:06','sale',100,537,NULL,NULL,1),
(211,'2025-09-23 18:30:26','sale',545,538,NULL,NULL,1),
(212,'2025-09-23 18:32:34','sale',200,539,NULL,NULL,1),
(213,'2025-09-23 19:19:21','sale',360,540,NULL,NULL,1),
(214,'2025-09-24 00:00:00','startmoney',1000,NULL,NULL,NULL,1),
(215,'2025-09-24 11:00:57','sale',200,541,NULL,NULL,1),
(216,'2025-09-24 11:02:28','sale',25,542,NULL,NULL,1),
(217,'2025-09-24 11:30:45','sale',250,543,NULL,NULL,1),
(218,'2025-09-24 11:46:00','sale',60,544,NULL,NULL,1),
(219,'2025-09-24 12:38:27','sale',200,546,NULL,NULL,1),
(220,'2025-09-24 12:38:38','sale',50,547,NULL,NULL,1),
(221,'2025-09-24 12:38:50','sale',70,548,NULL,NULL,1),
(222,'2025-09-24 15:20:23','sale',140,549,NULL,NULL,1),
(223,'2025-09-24 16:45:51','sale',110,550,NULL,NULL,1),
(224,'2025-09-24 17:02:14','sale',195,552,NULL,NULL,1),
(225,'2025-09-24 17:07:18','sale',200,553,NULL,NULL,1),
(226,'2025-09-24 17:34:17','sale',80,554,NULL,NULL,1),
(227,'2025-09-24 17:39:26','sale',190,555,NULL,NULL,1),
(228,'2025-09-24 17:39:43','forgive',25,NULL,NULL,NULL,1),
(229,'2025-09-24 18:05:03','sale',600,556,NULL,NULL,1),
(231,'2025-09-24 18:10:07','sale',1060,557,NULL,NULL,1),
(232,'2025-09-24 18:15:33','sale',360,558,NULL,NULL,1),
(233,'2025-09-24 18:16:21','sale',200,559,NULL,NULL,1),
(234,'2025-09-24 18:30:06','sale',50,560,NULL,NULL,1),
(235,'2025-09-24 18:42:46','sale',410,561,NULL,NULL,1),
(236,'2025-09-24 18:43:05','sale',620,562,NULL,NULL,1),
(238,'2025-09-24 18:43:25','forgive',40,NULL,NULL,NULL,1),
(239,'2025-09-24 18:48:47','sale',200,563,NULL,NULL,1),
(240,'2025-09-24 19:11:28','forgive',10,NULL,NULL,NULL,1),
(241,'2025-09-24 19:11:40','forgive',30,NULL,NULL,NULL,1),
(242,'2025-09-24 19:30:26','withdraw',1500,NULL,NULL,NULL,1),
(243,'2025-09-24 19:35:14','sale',90,564,NULL,NULL,1),
(244,'2025-09-24 19:35:42','sale',125,565,NULL,NULL,1),
(245,'2025-09-25 08:39:06','startmoney',620,NULL,NULL,NULL,1),
(246,'2025-09-25 08:56:18','sale',260,566,NULL,NULL,1),
(247,'2025-09-25 09:21:04','sale',340,567,NULL,NULL,1),
(249,'2025-09-25 10:35:44','sale',1750,569,NULL,NULL,1),
(250,'2025-09-25 10:36:10','sale',80,570,NULL,NULL,1),
(251,'2025-09-25 10:38:56','sale',220,571,NULL,NULL,1),
(252,'2025-09-25 11:16:48','sale',80,588,NULL,NULL,1),
(253,'2025-09-25 11:18:12','sale',120,589,NULL,NULL,1),
(254,'2025-09-25 12:05:34','withdraw',45,NULL,NULL,NULL,1),
(256,'2025-09-25 12:47:14','sale',600,595,NULL,NULL,1),
(257,'2025-09-25 14:14:11','sale',100,596,NULL,NULL,1),
(258,'2025-09-25 14:46:48','sale',65,597,NULL,NULL,1),
(259,'2025-09-25 15:29:46','sale',200,598,NULL,NULL,1),
(260,'2025-09-25 15:29:58','sale',50,599,NULL,NULL,1),
(261,'2025-09-25 15:30:30','sale',70,600,NULL,NULL,1),
(262,'2025-09-25 15:47:16','sale',350,601,NULL,NULL,1),
(263,'2025-09-25 16:13:07','sale',250,602,NULL,NULL,1),
(264,'2025-09-25 16:48:52','sale',2705,603,NULL,NULL,1),
(265,'2025-09-25 16:50:11','sale',30,604,NULL,NULL,1),
(266,'2025-09-25 16:50:19','sale',50,605,NULL,NULL,1),
(267,'2025-09-25 16:54:28','sale',140,607,NULL,NULL,1),
(269,'2025-09-25 16:57:08','withdraw',3000,NULL,NULL,NULL,1),
(270,'2025-09-25 17:07:45','sale',770,608,NULL,NULL,1),
(271,'2025-09-25 17:09:18','forgive',25,NULL,NULL,NULL,1),
(272,'2025-09-25 17:16:43','sale',200,609,NULL,NULL,1),
(273,'2025-09-25 17:24:10','sale',260,610,NULL,NULL,1),
(274,'2025-09-25 18:21:34','sale',405,611,NULL,NULL,1),
(275,'2025-09-25 18:26:15','sale',360,612,NULL,NULL,1),
(276,'2025-09-25 18:29:54','forgive',10,NULL,NULL,NULL,1),
(277,'2025-09-25 18:30:10','sale',170,613,NULL,NULL,1),
(278,'2025-09-25 18:32:45','withdraw',3000,NULL,NULL,NULL,1),
(279,'2025-09-25 18:40:37','sale',200,614,NULL,NULL,1),
(280,'2025-09-26 14:31:24','sale',100,615,NULL,NULL,1),
(283,'2025-09-26 00:00:00','startmoney',5115,NULL,NULL,NULL,1),
(284,'2025-09-26 14:47:36','sale',140,616,NULL,NULL,1),
(285,'2025-09-26 14:59:16','sale',80,617,NULL,NULL,1),
(286,'2025-09-26 15:30:07','sale',150,618,NULL,NULL,1),
(287,'2025-09-26 15:32:48','sale',100,620,NULL,NULL,1),
(288,'2025-09-26 15:33:39','forgive',10,NULL,NULL,NULL,1),
(289,'2025-09-26 16:38:26','sale',60,621,NULL,NULL,1),
(290,'2025-09-26 17:26:04','sale',90,622,NULL,NULL,1),
(291,'2025-09-26 17:26:56','forgive',20,NULL,NULL,NULL,1),
(292,'2025-09-26 17:33:34','sale',100,623,NULL,NULL,1),
(295,'2025-09-26 18:46:56','sale',100,626,NULL,NULL,1),
(296,'2025-09-26 18:47:10','sale',100,627,NULL,NULL,1),
(298,'2025-09-26 19:20:36','sale',60,628,NULL,NULL,1),
(299,'2025-09-26 19:25:07','forgive',40,NULL,NULL,NULL,1),
(300,'2025-09-26 19:42:18','sale',200,629,NULL,NULL,1),
(301,'2025-09-26 19:42:51','withdraw',5000,NULL,NULL,NULL,1),
(302,'2025-09-27 00:00:00','startmoney',1825,NULL,NULL,NULL,1),
(303,'2025-09-27 09:45:05','sale',960,630,NULL,NULL,1),
(304,'2025-09-27 09:45:19','forgive',10,NULL,NULL,NULL,1),
(305,'2025-09-27 09:46:36','sale',1100,631,NULL,NULL,1),
(306,'2025-09-27 10:14:00','sale',430,632,NULL,NULL,1),
(307,'2025-09-27 10:27:56','sale',30,633,NULL,NULL,1),
(308,'2025-09-27 11:07:23','sale',220,634,NULL,NULL,1),
(309,'2025-09-27 11:10:13','sale',80,635,NULL,NULL,1),
(310,'2025-09-27 11:15:31','sale',1660,636,NULL,NULL,1),
(311,'2025-09-27 11:18:27','forgive',10,NULL,NULL,NULL,1),
(316,'2025-09-27 11:44:48','sale',630,638,NULL,NULL,1),
(317,'2025-09-27 11:50:17','sale',50,639,NULL,NULL,1),
(322,'2025-09-27 14:47:50','sale',560,640,NULL,NULL,1),
(323,'2025-09-27 14:48:01','forgive',10,NULL,NULL,NULL,1),
(324,'2025-09-27 15:39:46','sale',520,641,NULL,NULL,1),
(325,'2025-09-27 15:52:22','sale',440,643,NULL,NULL,1),
(327,'2025-09-27 15:53:47','forgive',25,NULL,NULL,NULL,1),
(328,'2025-09-27 16:44:27','sale',230,646,NULL,NULL,1),
(329,'2025-09-27 16:44:35','sale',250,647,NULL,NULL,1),
(330,'2025-09-27 16:44:52','sale',100,648,NULL,NULL,1),
(331,'2025-09-27 17:19:08','sale',200,649,NULL,NULL,1),
(332,'2025-09-27 17:32:29','sale',100,650,NULL,NULL,1),
(333,'2025-09-27 17:32:47','sale',340,651,NULL,NULL,1),
(334,'2025-09-27 17:35:39','sale',50,652,NULL,NULL,1),
(337,'2025-09-27 19:19:38','sale',100,653,NULL,NULL,1),
(338,'2025-09-27 19:29:23','withdraw',3000,NULL,NULL,NULL,1),
(339,'2025-09-27 19:29:27','withdraw',5500,NULL,NULL,NULL,1),
(340,'2025-09-27 19:31:00','sale',200,654,NULL,NULL,1),
(341,'2025-09-27 19:35:47','sale',40,655,NULL,NULL,1),
(342,'2025-09-27 19:51:18','withdraw',1000,NULL,NULL,NULL,1),
(344,'2025-09-28 00:00:00','startmoney',490,NULL,NULL,NULL,1),
(345,'2025-09-28 09:31:08','withdraw',520,NULL,NULL,NULL,1),
(347,'2025-09-28 10:17:15','sale',200,662,NULL,NULL,1),
(348,'2025-09-28 10:31:07','sale',230,663,NULL,NULL,1),
(349,'2025-09-28 10:45:16','sale',240,664,NULL,NULL,1),
(353,'2025-09-28 10:48:30','extra',3100,NULL,NULL,NULL,1),
(354,'2025-09-28 12:12:53','sale',20,666,NULL,NULL,1),
(355,'2025-09-28 12:19:00','sale',200,667,NULL,NULL,1),
(356,'2025-09-28 14:04:14','sale',30,668,NULL,NULL,1),
(357,'2025-09-28 14:06:01','sale',190,669,NULL,NULL,1),
(358,'2025-09-28 14:15:57','withdraw',2000,NULL,NULL,NULL,1),
(359,'2025-09-28 14:47:34','sale',370,670,NULL,NULL,1),
(360,'2025-09-28 14:57:38','sale',100,671,NULL,NULL,1),
(361,'2025-09-28 16:49:26','sale',100,672,NULL,NULL,1),
(363,'2025-09-28 18:03:28','sale',50,674,NULL,NULL,1),
(369,'2025-09-28 19:04:46','sale',90,677,NULL,NULL,1),
(370,'2025-09-28 19:05:17','extra',2000,NULL,NULL,NULL,1),
(371,'2025-09-28 19:07:30','withdraw',40,NULL,NULL,NULL,1),
(372,'2025-09-28 19:07:53','extra',10,NULL,NULL,NULL,1),
(373,'2025-09-28 19:08:23','expense',250,NULL,NULL,NULL,1),
(374,'2025-09-28 19:09:14','sale',50,678,NULL,NULL,1),
(375,'2025-09-29 09:15:54','sale',185,679,NULL,NULL,1),
(376,'2025-09-29 09:59:10','sale',390,680,NULL,NULL,1),
(377,'2025-09-29 11:08:33','sale',190,681,NULL,NULL,1),
(378,'2025-09-29 00:00:00','startmoney',500,NULL,NULL,NULL,1),
(380,'2025-09-29 12:36:20','sale',210,683,NULL,NULL,1),
(381,'2025-09-29 12:36:40','forgive',10,NULL,NULL,NULL,1),
(382,'2025-09-01 00:00:00','startmoney',5000,NULL,NULL,NULL,1),
(383,'2025-09-01 00:00:00','startmoney',5000,NULL,NULL,NULL,1),
(384,'2025-09-01 00:00:00','startmoney',5500,NULL,NULL,NULL,1),
(385,'2025-09-01 00:00:00','startmoney',4500,NULL,NULL,NULL,1),
(386,'2025-09-29 14:38:35','sale',390,686,NULL,NULL,1),
(388,'2025-09-29 15:13:32','sale',20,687,NULL,NULL,1),
(389,'2025-09-29 15:14:21','extra',50,NULL,NULL,NULL,1),
(390,'2025-09-29 15:20:23','sale',330,689,NULL,NULL,1),
(391,'2025-09-29 16:42:36','sale',150,691,NULL,NULL,1),
(392,'2025-09-29 17:44:36','sale',350,692,NULL,NULL,1),
(393,'2025-09-29 19:18:05','sale',300,693,NULL,NULL,1),
(394,'2025-09-29 19:57:44','sale',1710,694,NULL,NULL,1),
(396,'2025-09-30 08:56:31','extra',500,NULL,NULL,NULL,1),
(397,'2025-09-30 08:58:16','sale',1000,695,NULL,NULL,1),
(398,'2025-09-30 09:04:55','sale',500,696,NULL,NULL,1),
(399,'2025-09-30 09:32:19','sale',1540,697,NULL,NULL,1),
(400,'2025-09-30 09:51:14','sale',200,698,NULL,NULL,1),
(401,'2025-09-30 10:25:38','sale',100,699,NULL,NULL,1),
(402,'2025-09-30 10:27:53','extra',13750,NULL,NULL,NULL,1),
(403,'2025-09-30 00:00:00','startmoney',3515,NULL,NULL,NULL,1),
(404,'2025-09-30 11:12:51','sale',120,700,NULL,NULL,1),
(405,'2025-09-30 11:13:46','sale',25,701,NULL,NULL,1),
(406,'2025-09-30 11:19:04','sale',150,702,NULL,NULL,1),
(407,'2025-09-30 11:31:22','sale',100,703,NULL,NULL,1),
(408,'2025-09-30 12:27:40','sale',70,704,NULL,NULL,1),
(409,'2025-09-30 12:29:36','sale',50,705,NULL,NULL,1),
(410,'2025-09-30 14:11:04','sale',260,707,NULL,NULL,1),
(411,'2025-09-30 14:15:07','sale',150,708,NULL,NULL,1),
(412,'2025-09-30 14:18:41','sale',280,709,NULL,NULL,1),
(413,'2025-09-30 14:19:05','withdraw',20000,NULL,NULL,NULL,1),
(414,'2025-09-30 14:50:09','sale',1080,710,NULL,NULL,1),
(415,'2025-09-30 14:55:36','forgive',80,NULL,NULL,NULL,1),
(416,'2025-09-30 15:24:53','sale',300,711,NULL,NULL,1),
(417,'2025-09-30 15:25:24','withdraw',1000,NULL,NULL,NULL,1),
(418,'2025-09-30 16:35:52','sale',130,712,NULL,NULL,1),
(419,'2025-09-30 16:42:56','extra',10,NULL,NULL,NULL,1),
(420,'2025-09-30 18:24:26','sale',680,713,NULL,NULL,1),
(421,'2025-09-30 18:31:57','sale',500,714,NULL,NULL,1),
(422,'2025-09-30 19:10:51','sale',740,715,NULL,NULL,1),
(423,'2025-10-01 08:19:47','sale',60,716,NULL,NULL,1),
(424,'2025-10-01 08:20:05','sale',120,717,NULL,NULL,1),
(425,'2025-10-01 09:27:30','sale',45,718,NULL,NULL,1),
(426,'2025-10-01 00:00:00','startmoney',705,NULL,NULL,NULL,1),
(427,'2025-10-01 10:14:26','sale',545,719,NULL,NULL,1),
(428,'2025-10-01 10:15:38','sale',220,720,NULL,NULL,1),
(429,'2025-10-01 10:17:36','sale',150,721,NULL,NULL,1),
(430,'2025-10-01 10:59:29','sale',50,722,NULL,NULL,1),
(431,'2025-10-01 12:25:21','sale',70,723,NULL,NULL,1),
(432,'2025-10-01 15:14:31','sale',50,724,NULL,NULL,1),
(433,'2025-10-01 15:30:25','sale',150,725,NULL,NULL,1),
(435,'2025-10-01 16:35:40','sale',430,726,NULL,NULL,1),
(436,'2025-10-01 16:54:38','sale',100,727,NULL,NULL,1),
(437,'2025-10-01 17:17:11','sale',550,729,NULL,NULL,1),
(438,'2025-10-01 17:19:15','sale',710,730,NULL,NULL,1),
(439,'2025-10-01 17:45:27','sale',250,731,NULL,NULL,1),
(440,'2025-10-01 17:53:42','sale',195,732,NULL,NULL,1),
(441,'2025-10-01 18:06:13','extra',20,NULL,NULL,NULL,1),
(442,'2025-10-02 08:59:45','sale',760,733,NULL,NULL,1),
(443,'2025-10-02 00:00:00','startmoney',410,NULL,NULL,NULL,1),
(445,'2025-10-02 09:13:51','sale',70,734,NULL,NULL,1),
(446,'2025-10-02 09:19:06','sale',100,735,NULL,NULL,1),
(447,'2025-10-02 09:19:58','withdraw',200,NULL,NULL,NULL,1),
(448,'2025-10-02 09:25:24','sale',200,736,NULL,NULL,1),
(449,'2025-10-02 09:28:38','sale',900,737,NULL,NULL,1),
(450,'2025-10-02 09:39:05','sale',1530,738,NULL,NULL,1),
(451,'2025-10-02 09:48:45','sale',120,739,NULL,NULL,1),
(454,'2025-10-02 10:12:15','sale',200,741,NULL,NULL,1),
(455,'2025-10-02 11:09:16','sale',180,742,NULL,NULL,1),
(456,'2025-10-02 11:19:48','sale',700,743,NULL,NULL,1),
(457,'2025-10-02 11:23:12','sale',530,744,NULL,NULL,1),
(458,'2025-10-02 11:41:58','sale',50,745,NULL,NULL,1),
(459,'2025-10-02 12:15:25','sale',760,747,NULL,NULL,1),
(460,'2025-10-02 12:19:46','forgive',10,NULL,NULL,NULL,1),
(461,'2025-10-02 12:28:29','sale',100,748,NULL,NULL,1),
(467,'2025-10-02 12:44:54','sale',280,749,NULL,NULL,1),
(468,'2025-10-02 15:17:56','sale',50,750,NULL,NULL,1),
(469,'2025-10-02 15:50:41','sale',110,751,NULL,NULL,1),
(470,'2025-10-02 15:50:55','sale',50,752,NULL,NULL,1),
(471,'2025-10-02 17:00:03','sale',130,753,NULL,NULL,1),
(473,'2025-10-02 18:25:49','sale',100,755,NULL,NULL,1),
(476,'2025-10-02 19:05:47','extra',20,NULL,NULL,NULL,1),
(477,'2025-10-02 19:06:42','sale',240,758,NULL,NULL,1),
(479,'2025-10-02 19:40:20','sale',100,759,NULL,NULL,1),
(480,'2025-10-02 19:52:29','sale',680,760,NULL,NULL,1),
(481,'2025-10-02 19:53:17','forgive',10,NULL,NULL,NULL,1),
(482,'2025-10-02 19:55:09','withdraw',7500,NULL,NULL,NULL,1),
(484,'2025-10-03 00:00:00','startmoney',2100,NULL,NULL,NULL,1),
(485,'2025-10-03 15:11:16','sale',400,761,NULL,NULL,1),
(486,'2025-10-03 15:47:35','sale',580,762,NULL,NULL,1),
(487,'2025-10-03 16:31:14','sale',490,763,NULL,NULL,1),
(488,'2025-10-03 16:33:10','sale',200,764,NULL,NULL,1),
(490,'2025-10-03 18:02:12','sale',1780,768,NULL,NULL,1),
(491,'2025-10-03 18:04:59','sale',50,769,NULL,NULL,1),
(492,'2025-10-03 18:08:00','sale',100,770,NULL,NULL,1),
(493,'2025-10-03 18:26:27','sale',650,771,NULL,NULL,1),
(494,'2025-10-03 19:26:50','sale',100,772,NULL,NULL,1),
(495,'2025-10-03 19:52:15','sale',150,773,NULL,NULL,1),
(496,'2025-10-03 20:25:09','withdraw',5000,NULL,NULL,NULL,1),
(501,'2025-10-04 08:12:40','sale',600,774,NULL,NULL,1),
(502,'2025-10-04 00:00:00','startmoney',600,NULL,NULL,NULL,1),
(503,'2025-10-04 09:43:00','sale',100,775,NULL,NULL,1),
(504,'2025-10-04 10:30:27','sale',130,776,NULL,NULL,1),
(505,'2025-10-04 10:30:36','sale',30,777,NULL,NULL,1),
(506,'2025-10-04 10:30:51','sale',100,778,NULL,NULL,1),
(507,'2025-10-04 10:31:13','extra',1000,NULL,NULL,NULL,1),
(510,'2025-10-04 11:03:59','sale',790,780,NULL,NULL,1),
(511,'2025-10-04 11:33:24','sale',435,781,NULL,NULL,1),
(512,'2025-10-04 11:40:14','sale',740,783,NULL,NULL,1),
(513,'2025-10-04 11:47:17','sale',300,784,NULL,NULL,1),
(514,'2025-10-04 11:51:12','sale',20,785,NULL,NULL,1),
(515,'2025-10-04 11:51:23','sale',270,786,NULL,NULL,1),
(519,'2025-10-04 12:08:46','sale',20,789,NULL,NULL,1),
(520,'2025-10-04 12:36:55','sale',200,790,NULL,NULL,1),
(521,'2025-10-04 15:01:31','withdraw',55,NULL,NULL,NULL,1),
(523,'2025-10-04 16:36:57','sale',100,794,NULL,NULL,1),
(524,'2025-10-04 16:59:28','sale',110,795,NULL,NULL,1),
(525,'2025-10-04 17:27:02','sale',60,796,NULL,NULL,1),
(526,'2025-10-04 17:33:25','extra',20,NULL,NULL,NULL,1),
(527,'2025-10-04 19:00:58','sale',230,798,NULL,NULL,1),
(528,'2025-10-04 19:11:15','sale',95,799,NULL,NULL,1),
(529,'2025-10-04 19:29:57','sale',1275,801,NULL,NULL,1),
(530,'2025-10-04 19:35:13','sale',200,802,NULL,NULL,1),
(531,'2025-10-04 19:45:44','sale',20,804,NULL,NULL,1),
(532,'2025-10-05 09:38:19','startmoney',2440,NULL,NULL,NULL,1),
(533,'2025-10-05 09:39:16','sale',60,805,NULL,NULL,1),
(534,'2025-10-05 09:39:27','sale',150,806,NULL,NULL,1),
(535,'2025-10-05 10:01:38','sale',60,807,NULL,NULL,1),
(536,'2025-10-05 10:02:19','forgive',10,NULL,NULL,NULL,1),
(537,'2025-10-05 12:08:50','sale',185,808,NULL,NULL,1),
(538,'2025-10-05 12:39:57','sale',100,809,NULL,NULL,1),
(539,'2025-10-05 12:40:10','sale',45,810,NULL,NULL,1),
(540,'2025-10-05 12:40:23','sale',100,811,NULL,NULL,1),
(541,'2025-10-05 12:40:35','forgive',5,NULL,NULL,NULL,1),
(542,'2025-10-05 14:06:48','sale',900,812,NULL,NULL,1),
(543,'2025-10-05 16:30:37','sale',100,813,NULL,NULL,1),
(544,'2025-10-05 16:31:01','sale',260,814,NULL,NULL,1),
(545,'2025-10-05 16:36:14','extra',750,NULL,NULL,NULL,1),
(546,'2025-10-05 16:36:23','forgive',10,NULL,NULL,NULL,1),
(547,'2025-10-05 16:51:57','sale',250,815,NULL,NULL,1),
(548,'2025-10-05 18:04:15','sale',100,816,NULL,NULL,1),
(549,'2025-10-05 18:04:25','sale',20,817,NULL,NULL,1),
(550,'2025-10-05 18:07:24','sale',200,818,NULL,NULL,1),
(551,'2025-10-05 19:09:56','sale',100,819,NULL,NULL,1),
(552,'2025-10-05 19:14:38','forgive',50,NULL,NULL,NULL,1),
(553,'2025-10-05 19:49:30','withdraw',1000,NULL,NULL,NULL,1),
(554,'2025-10-06 08:29:01','startmoney',3480,NULL,NULL,NULL,1),
(555,'2025-10-06 08:49:17','sale',100,820,NULL,NULL,1),
(556,'2025-10-06 09:30:28','sale',250,822,NULL,NULL,1),
(557,'2025-10-06 09:36:29','sale',210,823,NULL,NULL,1),
(558,'2025-10-06 09:45:33','sale',550,824,NULL,NULL,1),
(559,'2025-10-06 10:07:15','withdraw',3030,NULL,NULL,NULL,1),
(560,'2025-10-06 11:08:33','sale',70,825,NULL,NULL,1),
(561,'2025-10-06 11:09:28','sale',100,826,NULL,NULL,1),
(563,'2025-10-06 12:26:04','sale',1690,828,NULL,NULL,1),
(564,'2025-10-06 12:26:31','sale',190,829,NULL,NULL,1),
(565,'2025-10-06 12:42:50','sale',120,830,NULL,NULL,1),
(566,'2025-10-06 14:54:16','sale',80,831,NULL,NULL,1),
(567,'2025-10-06 14:54:32','sale',200,832,NULL,NULL,1),
(568,'2025-10-06 15:31:50','sale',715,833,NULL,NULL,1),
(569,'2025-10-06 15:39:28','sale',3490,834,NULL,NULL,1),
(570,'2025-10-06 16:24:56','sale',260,835,NULL,NULL,1),
(571,'2025-10-06 16:34:41','sale',690,836,NULL,NULL,1),
(572,'2025-10-06 16:42:01','sale',250,837,NULL,NULL,1),
(573,'2025-10-06 16:59:07','sale',320,838,NULL,NULL,1),
(574,'2025-10-06 17:07:43','sale',330,839,NULL,NULL,1),
(575,'2025-10-06 17:43:31','sale',110,840,NULL,NULL,1),
(576,'2025-10-06 17:56:26','sale',1700,842,NULL,NULL,1),
(577,'2025-10-06 17:57:34','sale',270,843,NULL,NULL,1),
(578,'2025-10-06 19:35:23','withdraw',7000,NULL,NULL,NULL,1),
(579,'2025-10-07 08:49:58','sale',660,844,NULL,NULL,1),
(580,'2025-10-07 00:00:00','startmoney',945,NULL,NULL,NULL,1),
(581,'2025-10-07 09:14:47','sale',1690,845,NULL,NULL,1),
(582,'2025-10-07 09:41:25','sale',180,846,NULL,NULL,1),
(584,'2025-10-07 10:07:56','sale',325,847,NULL,NULL,1),
(585,'2025-10-07 10:08:15','forgive',40,NULL,NULL,NULL,1),
(587,'2025-10-07 10:10:37','forgive',60,NULL,NULL,NULL,1),
(588,'2025-10-07 10:35:48','sale',100,848,NULL,NULL,1),
(589,'2025-10-07 10:43:00','sale',140,849,NULL,NULL,1),
(590,'2025-10-07 10:43:20','forgive',30,NULL,NULL,NULL,1),
(591,'2025-10-07 11:17:49','sale',300,850,NULL,NULL,1),
(592,'2025-10-07 11:18:39','sale',100,851,NULL,NULL,1),
(593,'2025-10-07 11:18:48','sale',210,852,NULL,NULL,1),
(594,'2025-10-07 15:52:40','sale',50,853,NULL,NULL,1),
(595,'2025-10-07 15:53:03','sale',90,854,NULL,NULL,1),
(596,'2025-10-07 16:36:31','sale',60,855,NULL,NULL,1),
(597,'2025-10-07 16:53:24','sale',230,856,NULL,NULL,1),
(598,'2025-10-07 16:53:43','sale',130,857,NULL,NULL,1),
(599,'2025-10-07 16:54:04','withdraw',3000,NULL,NULL,NULL,1),
(601,'2025-10-07 17:04:22','sale',830,859,NULL,NULL,1),
(602,'2025-10-07 17:05:13','expense',665,NULL,NULL,NULL,1),
(603,'2025-10-07 17:08:21','sale',35,860,NULL,NULL,1),
(604,'2025-10-07 17:12:34','sale',855,861,NULL,NULL,1),
(605,'2025-10-07 17:16:19','forgive',20,NULL,NULL,NULL,1),
(606,'2025-10-07 17:36:09','sale',985,863,NULL,NULL,1),
(607,'2025-10-07 17:50:18','sale',318.1,864,NULL,NULL,1),
(608,'2025-10-07 17:50:29','sale',120,865,NULL,NULL,1),
(609,'2025-10-07 18:25:06','sale',50,866,NULL,NULL,1),
(610,'2025-10-07 19:30:24','sale',50,868,NULL,NULL,1),
(611,'2025-10-07 19:53:03','sale',25,869,NULL,NULL,1),
(612,'2025-10-07 20:16:05','withdraw',3000,NULL,NULL,NULL,1),
(614,'2025-10-07 20:28:47','sale',50,871,NULL,NULL,1),
(615,'2025-10-07 20:38:25','sale',499.2,872,NULL,NULL,1),
(616,'2025-10-08 09:14:35','sale',900,873,NULL,NULL,1),
(618,'2025-10-08 09:43:10','sale',260,875,NULL,NULL,1),
(619,'2025-10-08 10:35:16','sale',350,876,NULL,NULL,1),
(622,'2025-10-08 00:00:00','startmoney',700,NULL,NULL,NULL,1),
(624,'2025-10-08 11:25:35','sale',380,877,NULL,NULL,1),
(625,'2025-10-08 12:42:06','sale',1220,878,NULL,NULL,1),
(626,'2025-10-08 13:17:23','sale',120,880,NULL,NULL,1),
(627,'2025-10-08 13:17:32','sale',210,881,NULL,NULL,1),
(628,'2025-10-08 15:39:35','sale',949.2,882,NULL,NULL,1),
(629,'2025-10-08 15:39:50','sale',110,883,NULL,NULL,1),
(630,'2025-10-08 15:45:48','startmoney',20,NULL,NULL,NULL,1),
(631,'2025-10-08 16:30:50','sale',140,884,NULL,NULL,1),
(632,'2025-10-08 16:31:06','forgive',10,NULL,NULL,NULL,1),
(633,'2025-10-08 17:12:30','sale',200,885,NULL,NULL,1),
(634,'2025-10-08 17:12:56','sale',100,886,NULL,NULL,1),
(635,'2025-10-08 17:27:40','sale',150,887,NULL,NULL,1),
(637,'2025-10-08 18:01:52','sale',350,889,NULL,NULL,1),
(638,'2025-10-08 18:02:34','sale',274,890,NULL,NULL,1),
(639,'2025-10-08 18:03:00','sale',650,891,NULL,NULL,1),
(640,'2025-10-08 18:05:14','withdraw',20,NULL,NULL,NULL,1),
(641,'2025-10-08 18:15:03','sale',200,892,NULL,NULL,1),
(642,'2025-10-08 18:27:05','sale',230,893,NULL,NULL,1),
(643,'2025-10-08 19:13:13','sale',2430,894,NULL,NULL,1),
(644,'2025-10-08 19:35:26','sale',100,895,NULL,NULL,1),
(647,'2025-10-09 08:32:02','startmoney',10015,NULL,NULL,NULL,1),
(649,'2025-10-09 09:33:54','sale',470,896,NULL,NULL,1),
(650,'2025-10-09 09:35:50','sale',100,898,NULL,NULL,1),
(652,'2025-10-09 10:20:05','sale',1000,899,NULL,NULL,1),
(653,'2025-10-09 10:20:15','sale',90,900,NULL,NULL,1),
(654,'2025-10-09 10:43:17','sale',200,901,NULL,NULL,1),
(655,'2025-10-09 10:52:35','sale',880,902,NULL,NULL,1),
(656,'2025-10-09 11:17:47','sale',180,903,NULL,NULL,1),
(657,'2025-10-09 11:18:12','sale',120,904,NULL,NULL,1),
(658,'2025-10-09 11:18:23','sale',50,905,NULL,NULL,1),
(659,'2025-10-09 12:06:41','sale',360,906,NULL,NULL,1),
(660,'2025-10-09 12:39:57','sale',550,907,NULL,NULL,1),
(661,'2025-10-09 13:58:28','sale',1119.8,908,NULL,NULL,1),
(662,'2025-10-09 14:23:00','sale',20,909,NULL,NULL,1),
(664,'2025-10-09 14:39:51','purchase',3960,NULL,60,NULL,1),
(665,'2025-10-09 14:46:08','sale',568.4,910,NULL,NULL,1),
(666,'2025-10-09 15:31:12','sale',244,911,NULL,NULL,1),
(667,'2025-10-09 15:31:36','forgive',14,NULL,NULL,NULL,1),
(668,'2025-10-09 15:34:57','sale',150,912,NULL,NULL,1),
(669,'2025-10-09 00:00:00','withdraw',200,NULL,NULL,NULL,1),
(670,'2025-10-09 16:39:35','sale',140,913,NULL,NULL,1),
(671,'2025-10-09 16:45:46','sale',300,914,NULL,NULL,1),
(672,'2025-10-09 17:11:27','sale',50,915,NULL,NULL,1),
(673,'2025-10-09 17:13:38','sale',50,916,NULL,NULL,1),
(674,'2025-10-09 17:25:30','sale',269.9,917,NULL,NULL,1),
(675,'2025-10-09 18:44:27','sale',540,918,NULL,NULL,1),
(676,'2025-10-09 18:44:48','sale',220,919,NULL,NULL,1),
(677,'2025-10-09 18:45:02','forgive',20,NULL,NULL,NULL,1),
(678,'2025-10-09 18:57:36','sale',300,920,NULL,NULL,1),
(679,'2025-10-09 18:57:50','sale',240,921,NULL,NULL,1),
(680,'2025-10-09 19:30:34','sale',140,923,NULL,NULL,1),
(681,'2025-10-09 19:30:42','sale',70,924,NULL,NULL,1),
(682,'2025-10-09 19:31:02','sale',450,925,NULL,NULL,1),
(683,'2025-10-09 19:48:33','sale',265,926,NULL,NULL,1),
(684,'2025-10-10 09:19:00','sale',480,927,NULL,NULL,1),
(685,'2025-10-10 09:33:34','sale',328.9,928,NULL,NULL,1),
(686,'2025-10-10 09:34:30','sale',200,929,NULL,NULL,1),
(687,'2025-10-10 09:34:43','sale',50,930,NULL,NULL,1),
(688,'2025-10-09 00:00:00','withdraw',13000,NULL,NULL,NULL,1),
(689,'2025-10-10 09:40:06','sale',110,931,NULL,NULL,1),
(690,'2025-10-10 09:44:08','startmoney',1515,NULL,NULL,NULL,1),
(691,'2025-10-10 09:44:18','extra',1500,NULL,NULL,NULL,1),
(692,'2025-10-10 10:55:04','sale',649.6,932,NULL,NULL,1),
(693,'2025-10-10 10:55:23','sale',140,933,NULL,NULL,1),
(694,'2025-10-10 16:36:25','sale',40,934,NULL,NULL,1),
(695,'2025-10-10 17:13:09','withdraw',2020,NULL,NULL,NULL,1),
(696,'2025-10-10 17:30:36','sale',40,935,NULL,NULL,1),
(697,'2025-10-10 17:44:45','sale',310,936,NULL,NULL,1),
(698,'2025-10-10 17:54:31','sale',150,937,NULL,NULL,1),
(699,'2025-10-10 18:10:29','sale',340,939,NULL,NULL,1),
(700,'2025-10-10 19:13:58','sale',30,940,NULL,NULL,1),
(701,'2025-10-10 19:14:59','sale',200,941,NULL,NULL,1),
(702,'2025-10-10 19:34:39','sale',30,942,NULL,NULL,1),
(703,'2025-10-11 00:00:00','startmoney',4265,NULL,NULL,NULL,1),
(704,'2025-10-10 00:00:00','extra',170,NULL,NULL,NULL,1),
(705,'2025-10-11 09:14:10','sale',25,943,NULL,NULL,1),
(706,'2025-10-11 10:07:36','sale',240,944,NULL,NULL,1),
(707,'2025-10-11 10:08:05','extra',6000,NULL,NULL,NULL,1),
(708,'2025-10-11 10:08:12','withdraw',1200,NULL,NULL,NULL,1),
(709,'2025-10-11 10:43:55','sale',1450,945,NULL,NULL,1),
(710,'2025-10-11 10:46:29','sale',110,946,NULL,NULL,1),
(711,'2025-10-11 10:46:49','sale',20,947,NULL,NULL,1),
(712,'2025-10-11 10:47:03','forgive',10,NULL,NULL,NULL,1),
(713,'2025-10-11 11:29:13','sale',100,948,NULL,NULL,1),
(714,'2025-10-11 11:43:35','sale',700,949,NULL,NULL,1),
(716,'2025-10-11 15:29:10','sale',100,951,NULL,NULL,1),
(717,'2025-10-11 17:04:32','sale',1320,953,NULL,NULL,1),
(718,'2025-10-11 17:36:44','sale',418.6,954,NULL,NULL,1),
(719,'2025-10-11 18:42:02','sale',99.96,956,NULL,NULL,1),
(720,'2025-10-11 18:42:12','sale',100,957,NULL,NULL,1),
(721,'2025-10-11 18:57:52','sale',250,959,NULL,NULL,1),
(722,'2025-10-11 19:34:52','sale',199.8,960,NULL,NULL,1),
(723,'2025-10-11 19:41:17','sale',100,961,NULL,NULL,1),
(725,'2025-10-11 20:25:02','sale',498.8,962,NULL,NULL,1),
(726,'2025-10-11 20:25:33','withdraw',14000,NULL,NULL,NULL,1),
(728,'2025-10-11 20:26:06','forgive',50,NULL,NULL,NULL,1),
(729,'2025-10-12 10:11:29','sale',60,963,NULL,NULL,1),
(730,'2025-10-12 10:13:21','sale',187,964,NULL,NULL,1),
(731,'2025-10-12 10:16:16','sale',230,965,NULL,NULL,1),
(733,'2025-10-12 10:18:16','extra',5000,NULL,NULL,NULL,1),
(734,'2025-10-12 10:20:44','forgive',17,NULL,NULL,NULL,1),
(735,'2025-10-12 10:21:49','purchase',2200,NULL,63,NULL,1),
(736,'2025-10-12 10:30:03','sale',199.5,966,NULL,NULL,1),
(738,'2025-10-12 00:00:00','startmoney',1240,NULL,NULL,NULL,1),
(739,'2025-10-12 11:14:14','sale',60,967,NULL,NULL,1),
(740,'2025-10-12 14:24:07','sale',160,968,NULL,NULL,1),
(741,'2025-10-12 15:12:19','sale',50,969,NULL,NULL,1),
(742,'2025-10-12 15:12:38','sale',200,970,NULL,NULL,1),
(743,'2025-10-12 15:12:49','sale',60,971,NULL,NULL,1),
(744,'2025-10-12 15:13:18','extra',9000,NULL,NULL,NULL,1),
(745,'2025-10-12 17:02:39','sale',100,972,NULL,NULL,1),
(746,'2025-10-12 17:12:29','sale',300,973,NULL,NULL,1),
(747,'2025-10-12 17:26:14','sale',298.8,974,NULL,NULL,1),
(748,'2025-10-12 17:43:21','sale',300,975,NULL,NULL,1),
(749,'2025-10-12 17:58:26','sale',600,976,NULL,NULL,1),
(750,'2025-10-12 17:58:59','sale',100,977,NULL,NULL,1),
(751,'2025-10-12 18:00:30','sale',530,978,NULL,NULL,1),
(752,'2025-10-12 18:42:04','extra',140,NULL,NULL,NULL,1),
(753,'2025-10-12 18:45:19','sale',60,979,NULL,NULL,1),
(754,'2025-10-12 19:03:08','sale',578,981,NULL,NULL,1),
(757,'2025-10-12 00:00:00','extra',200,NULL,NULL,NULL,1),
(758,'2025-10-13 09:24:39','sale',120,984,NULL,NULL,1),
(759,'2025-10-13 10:05:37','sale',90,986,NULL,NULL,1),
(760,'2025-10-13 10:05:45','sale',150,987,NULL,NULL,1),
(761,'2025-10-13 10:12:59','sale',50,988,NULL,NULL,1),
(762,'2025-10-13 10:22:32','sale',720,989,NULL,NULL,1),
(763,'2025-10-13 10:28:11','sale',540,990,NULL,NULL,1),
(764,'2025-10-13 00:00:00','startmoney',17440,NULL,NULL,NULL,1),
(765,'2025-10-13 10:37:26','withdraw',500,NULL,NULL,NULL,1),
(766,'2025-10-13 11:21:45','withdraw',3030,NULL,NULL,NULL,1),
(767,'2025-10-13 11:25:03','withdraw',200,NULL,NULL,NULL,1),
(768,'2025-10-13 11:53:44','sale',200,991,NULL,NULL,1),
(769,'2025-10-13 12:08:18','sale',100,992,NULL,NULL,1),
(770,'2025-10-13 12:33:08','sale',197.8,1001,NULL,NULL,1),
(771,'2025-10-13 12:42:23','sale',869.6,1002,NULL,NULL,1),
(772,'2025-10-13 12:42:57','sale',110,1003,NULL,NULL,1),
(773,'2025-10-13 15:10:11','sale',400,1008,NULL,NULL,1),
(774,'2025-10-13 15:43:43','withdraw',5000,NULL,NULL,NULL,1),
(775,'2025-10-13 15:44:23','sale',150,1009,NULL,NULL,1),
(776,'2025-10-13 17:36:45','sale',200,1010,NULL,NULL,1),
(777,'2025-10-13 17:36:54','sale',100,1011,NULL,NULL,1),
(778,'2025-10-13 17:37:02','sale',50,1012,NULL,NULL,1),
(779,'2025-10-13 17:46:07','sale',50,1014,NULL,NULL,1),
(780,'2025-10-13 17:48:41','sale',620,1015,NULL,NULL,1),
(781,'2025-10-13 17:48:57','sale',820,1016,NULL,NULL,1),
(782,'2025-10-13 17:49:04','sale',200,1017,NULL,NULL,1),
(784,'2025-10-13 19:05:50','sale',150,1019,NULL,NULL,1),
(785,'2025-10-13 19:44:23','sale',240,1020,NULL,NULL,1),
(786,'2025-10-13 19:44:53','withdraw',13000,NULL,NULL,NULL,1),
(787,'2025-10-14 00:00:00','startmoney',1840,NULL,NULL,NULL,1),
(788,'2025-10-14 10:23:17','sale',200,1021,NULL,NULL,1),
(789,'2025-10-14 10:24:05','sale',640,1022,NULL,NULL,1),
(790,'2025-10-14 11:50:03','extra',1000,NULL,NULL,NULL,1),
(791,'2025-10-14 11:50:40','sale',50,1023,NULL,NULL,1),
(792,'2025-10-14 11:50:48','sale',100,1024,NULL,NULL,1),
(793,'2025-10-14 11:51:00','sale',300,1025,NULL,NULL,1),
(794,'2025-10-14 12:47:47','sale',7987,1026,NULL,NULL,1),
(795,'2025-10-14 13:12:25','sale',400,1027,NULL,NULL,1),
(796,'2025-10-14 13:25:52','sale',99,1028,NULL,NULL,1),
(797,'2025-10-14 14:29:45','sale',20,1029,NULL,NULL,1),
(798,'2025-10-14 14:30:38','sale',100,1030,NULL,NULL,1),
(799,'2025-10-14 14:30:49','forgive',50,NULL,NULL,NULL,1),
(800,'2025-10-14 14:33:10','sale',220,1031,NULL,NULL,1),
(801,'2025-10-14 15:18:04','sale',95,1032,NULL,NULL,1),
(802,'2025-10-14 15:27:36','sale',300,1033,NULL,NULL,1),
(803,'2025-10-14 15:37:51','withdraw',1200,NULL,NULL,NULL,1),
(804,'2025-10-14 16:25:27','sale',80,1034,NULL,NULL,1),
(805,'2025-10-14 16:58:41','sale',350,1035,NULL,NULL,1),
(806,'2025-10-14 17:29:28','sale',150,1036,NULL,NULL,1),
(807,'2025-10-14 17:29:38','sale',400,1037,NULL,NULL,1),
(808,'2025-10-14 18:16:44','sale',489.6,1038,NULL,NULL,1),
(809,'2025-10-14 18:51:32','sale',210,1039,NULL,NULL,1),
(810,'2025-10-14 19:04:23','sale',160,1040,NULL,NULL,1),
(811,'2025-10-14 19:05:56','sale',120,1041,NULL,NULL,1),
(812,'2025-10-14 19:23:38','sale',50,1042,NULL,NULL,1),
(814,'2025-10-14 20:06:13','sale',170,1046,NULL,NULL,1),
(815,'2025-10-14 20:09:02','sale',75,1047,NULL,NULL,1),
(816,'2025-10-14 20:16:11','sale',299.8,1048,NULL,NULL,1),
(817,'2025-10-14 20:38:44','withdraw',4000,NULL,NULL,NULL,1),
(820,'2025-10-15 09:15:39','sale',119.75,1049,NULL,NULL,1),
(821,'2025-10-15 10:05:50','sale',2158.2,1050,NULL,NULL,1),
(822,'2025-10-15 10:19:27','sale',120,1051,NULL,NULL,1),
(823,'2025-10-15 10:34:21','sale',500,1053,NULL,NULL,1),
(824,'2025-10-15 11:06:22','sale',210,1055,NULL,NULL,1),
(825,'2025-10-15 12:24:27','sale',580,1056,NULL,NULL,1),
(826,'2025-10-15 12:40:24','sale',1779.2,1057,NULL,NULL,1),
(828,'2025-10-15 13:20:53','sale',150,1058,NULL,NULL,1),
(830,'2025-10-15 00:00:00','startmoney',3700,NULL,NULL,NULL,1),
(831,'2025-10-15 14:14:41','sale',280,1059,NULL,NULL,1),
(832,'2025-10-15 14:15:02','sale',230,1060,NULL,NULL,1),
(833,'2025-10-15 14:36:21','purchase',1330,NULL,65,NULL,1),
(834,'2025-10-15 15:09:57','sale',150,1061,NULL,NULL,1),
(835,'2025-10-15 15:10:05','sale',150,1062,NULL,NULL,1),
(836,'2025-10-15 15:11:51','sale',250,1063,NULL,NULL,1),
(837,'2025-10-15 15:22:24','sale',850,1064,NULL,NULL,1),
(838,'2025-10-15 17:26:23','sale',1250,1065,NULL,NULL,1),
(839,'2025-10-15 17:32:55','sale',850,1066,NULL,NULL,1),
(840,'2025-10-15 17:33:17','sale',50,1067,NULL,NULL,1),
(841,'2025-10-15 17:50:16','sale',150,1068,NULL,NULL,1),
(842,'2025-10-15 18:11:38','sale',140,1069,NULL,NULL,1),
(843,'2025-10-15 18:53:04','sale',130,1070,NULL,NULL,1),
(844,'2025-10-15 18:53:15','sale',199.8,1071,NULL,NULL,1),
(845,'2025-10-15 19:03:17','sale',380,1072,NULL,NULL,1),
(846,'2025-10-15 00:00:00','extra',50,NULL,NULL,NULL,1),
(847,'2025-10-16 00:00:00','startmoney',13100,NULL,NULL,NULL,1),
(848,'2025-10-16 09:36:42','extra',2000,NULL,NULL,NULL,1),
(849,'2025-10-16 09:37:07','sale',60,1075,NULL,NULL,1),
(850,'2025-10-16 10:10:53','sale',200,1081,NULL,NULL,1),
(851,'2025-10-16 10:14:53','sale',70,1084,NULL,NULL,1),
(852,'2025-10-16 10:19:51','sale',304.8,1085,NULL,NULL,1),
(853,'2025-10-16 10:41:09','sale',130,1086,NULL,NULL,1),
(856,'2025-10-16 11:24:57','sale',50,1093,NULL,NULL,1),
(857,'2025-10-16 11:36:43','sale',330,1094,NULL,NULL,1),
(858,'2025-10-16 12:04:34','sale',60,1095,NULL,NULL,1),
(859,'2025-10-16 12:20:13','sale',360,1096,NULL,NULL,1),
(860,'2025-10-16 13:36:20','sale',400,1097,NULL,NULL,1),
(861,'2025-10-16 15:05:56','sale',300,1099,NULL,NULL,1),
(862,'2025-10-16 15:06:33','sale',680,1100,NULL,NULL,1),
(863,'2025-10-16 15:07:04','extra',4000,NULL,NULL,NULL,1),
(864,'2025-10-16 16:33:26','expense',580,NULL,NULL,NULL,1),
(865,'2025-10-16 16:36:22','sale',100,1102,NULL,NULL,1),
(866,'2025-10-16 17:13:51','sale',820,1104,NULL,NULL,1),
(867,'2025-10-16 17:21:36','sale',250,1105,NULL,NULL,1),
(868,'2025-10-16 17:59:49','sale',197.8,1106,NULL,NULL,1),
(869,'2025-10-16 18:46:11','sale',110,1107,NULL,NULL,1),
(871,'2025-10-16 19:37:44','purchase',20749.9,NULL,70,NULL,1),
(873,'2025-10-16 20:11:35','sale',370,1108,NULL,NULL,1),
(874,'2025-10-16 20:22:30','purchase',995.5,NULL,72,NULL,1),
(875,'2025-10-16 21:09:23','sale',100,1109,NULL,NULL,1),
(883,'2025-10-17 09:51:18','sale',470,1115,NULL,NULL,1),
(884,'2025-10-17 09:51:30','sale',250,1116,NULL,NULL,1),
(885,'2025-10-17 09:51:55','sale',200,1117,NULL,NULL,1),
(886,'2025-10-17 10:15:31','sale',150,1119,NULL,NULL,1),
(887,'2025-10-17 10:23:20','sale',680,1120,NULL,NULL,1),
(888,'2025-10-17 10:43:00','sale',500,1121,NULL,NULL,1),
(889,'2025-10-17 11:17:40','sale',320,1122,NULL,NULL,1),
(890,'2025-10-17 11:47:15','sale',280,1123,NULL,NULL,1),
(891,'2025-10-17 00:00:00','startmoney',3435,NULL,NULL,NULL,1),
(892,'2025-10-17 12:38:24','sale',650,1124,NULL,NULL,1),
(893,'2025-10-17 15:09:37','sale',50,1125,NULL,NULL,1),
(896,'2025-10-17 17:16:28','withdraw',4000,NULL,NULL,NULL,1),
(897,'2025-10-17 17:19:44','sale',89.9969,1127,NULL,NULL,1),
(898,'2025-10-17 17:20:07','sale',45,1128,NULL,NULL,1),
(904,'2025-10-17 18:43:34','sale',119.6,1134,NULL,NULL,1),
(905,'2025-10-17 18:52:49','sale',150,1135,NULL,NULL,1),
(906,'2025-10-17 19:20:25','withdraw',1600,NULL,NULL,NULL,1),
(907,'2025-10-17 19:20:50','forgive',310,NULL,NULL,NULL,1),
(908,'2025-10-18 08:24:22','sale',500,1136,NULL,NULL,1),
(909,'2025-10-18 00:00:00','startmoney',1480,NULL,NULL,NULL,1),
(910,'2025-10-18 09:05:52','sale',150,1137,NULL,NULL,1),
(911,'2025-10-18 09:06:14','sale',140,1138,NULL,NULL,1),
(912,'2025-10-18 09:43:05','sale',100.1,1139,NULL,NULL,1),
(913,'2025-10-18 09:51:31','sale',120,1140,NULL,NULL,1),
(914,'2025-10-18 10:20:37','withdraw',520,NULL,NULL,NULL,1),
(915,'2025-10-18 10:30:47','sale',850,1141,NULL,NULL,1),
(916,'2025-10-18 10:33:19','sale',580,1142,NULL,NULL,1),
(917,'2025-10-18 10:54:12','sale',30,1143,NULL,NULL,1),
(918,'2025-10-18 11:03:48','sale',270,1144,NULL,NULL,1),
(919,'2025-10-18 11:04:17','sale',98.9,1145,NULL,NULL,1),
(920,'2025-10-18 11:04:44','sale',199.2,1146,NULL,NULL,1),
(921,'2025-10-18 11:44:02','sale',100,1148,NULL,NULL,1),
(922,'2025-10-18 11:51:43','sale',360,1149,NULL,NULL,1),
(923,'2025-10-18 12:16:24','sale',80,1150,NULL,NULL,1),
(924,'2025-10-18 12:24:27','sale',210,1151,NULL,NULL,1),
(925,'2025-10-18 12:24:45','forgive',10,NULL,NULL,NULL,1),
(926,'2025-10-18 15:00:04','sale',150,1152,NULL,NULL,1),
(927,'2025-10-18 15:25:57','sale',110,1153,NULL,NULL,1),
(928,'2025-10-18 15:46:53','sale',350,1154,NULL,NULL,1),
(929,'2025-10-18 16:30:45','sale',821,1155,NULL,NULL,1),
(930,'2025-10-18 17:25:52','sale',200,1156,NULL,NULL,1),
(931,'2025-10-18 17:26:24','sale',200,1157,NULL,NULL,1),
(932,'2025-10-18 17:35:09','sale',299.2,1158,NULL,NULL,1),
(933,'2025-10-18 18:46:16','sale',100,1159,NULL,NULL,1),
(934,'2025-10-18 19:11:00','sale',250,1160,NULL,NULL,1),
(935,'2025-10-18 19:26:30','sale',50,1161,NULL,NULL,1),
(936,'2025-10-18 19:35:40','sale',120,1162,NULL,NULL,1),
(937,'2025-10-19 10:46:14','sale',200,1163,NULL,NULL,1),
(938,'2025-10-19 10:49:38','sale',150,1164,NULL,NULL,1),
(939,'2025-10-19 00:00:00','startmoney',7955,NULL,NULL,NULL,1),
(940,'2025-10-19 11:09:42','sale',200,1165,NULL,NULL,1),
(941,'2025-10-19 11:30:30','sale',329.6,1166,NULL,NULL,1),
(942,'2025-10-19 14:51:43','sale',1360,1169,NULL,NULL,1),
(943,'2025-10-19 14:53:16','sale',140,1170,NULL,NULL,1),
(944,'2025-10-19 14:53:27','sale',100,1171,NULL,NULL,1),
(945,'2025-10-19 15:20:54','withdraw',3800,NULL,NULL,NULL,1),
(946,'2025-10-19 15:21:22','sale',80,1172,NULL,NULL,1),
(948,'2025-10-19 15:45:30','sale',80,1173,NULL,NULL,1),
(949,'2025-10-19 16:40:27','sale',330,1174,NULL,NULL,1),
(950,'2025-10-19 16:40:46','sale',400,1175,NULL,NULL,1),
(951,'2025-10-19 17:19:32','sale',2300,1176,NULL,NULL,1),
(952,'2025-10-19 17:33:14','sale',100,1177,NULL,NULL,1),
(953,'2025-10-19 17:33:57','sale',200,1178,NULL,NULL,1),
(954,'2025-10-19 17:48:30','sale',320,1179,NULL,NULL,1),
(956,'2025-10-19 00:00:00','withdraw',6700,NULL,NULL,NULL,1),
(958,'2025-10-19 19:06:57','sale',60,1180,NULL,NULL,1),
(959,'2025-10-19 19:07:39','forgive',100,NULL,NULL,NULL,1),
(960,'2025-10-19 19:20:24','withdraw',1000,NULL,NULL,NULL,1),
(961,'2025-10-19 19:37:32','sale',50,1181,NULL,NULL,1),
(962,'2025-10-20 09:35:25','startmoney',1200,NULL,NULL,NULL,1),
(963,'2025-10-20 09:35:51','sale',50,1182,NULL,NULL,1),
(964,'2025-10-20 09:38:45','sale',35,1183,NULL,NULL,1),
(965,'2025-10-20 10:39:29','sale',200,1184,NULL,NULL,1),
(966,'2025-10-20 14:50:02','sale',150,1185,NULL,NULL,1),
(967,'2025-10-20 15:16:28','sale',220,1186,NULL,NULL,1),
(968,'2025-10-20 15:16:42','sale',60,1187,NULL,NULL,1),
(969,'2025-10-20 17:12:17','sale',230,1189,NULL,NULL,1),
(970,'2025-10-20 17:12:39','sale',90,1190,NULL,NULL,1),
(971,'2025-10-20 17:48:45','sale',1000,1191,NULL,NULL,1),
(973,'2025-10-20 17:55:35','sale',75,1192,NULL,NULL,1),
(974,'2025-10-20 18:08:29','sale',88.6,1193,NULL,NULL,1),
(975,'2025-10-20 18:38:51','sale',1300,1194,NULL,NULL,1),
(976,'2025-10-20 19:18:26','sale',200,1196,NULL,NULL,1),
(977,'2025-10-20 19:19:53','extra',5,NULL,NULL,NULL,1),
(978,'2025-10-20 20:14:43','sale',150,1197,NULL,NULL,1),
(979,'2025-10-21 00:00:00','startmoney',5055,NULL,NULL,NULL,1),
(980,'2025-10-21 09:08:00','sale',200,1198,NULL,NULL,1),
(981,'2025-10-21 09:08:14','forgive',50,NULL,NULL,NULL,1),
(982,'2025-10-21 09:31:02','sale',950,1199,NULL,NULL,1),
(983,'2025-10-21 10:00:33','sale',210,1200,NULL,NULL,1),
(984,'2025-10-21 10:42:51','sale',80,1201,NULL,NULL,1),
(985,'2025-10-21 10:42:58','sale',210,1202,NULL,NULL,1),
(986,'2025-10-21 11:12:08','sale',740,1203,NULL,NULL,1),
(987,'2025-10-21 11:16:40','sale',550,1204,NULL,NULL,1),
(988,'2025-10-21 11:26:02','sale',300,1205,NULL,NULL,1),
(989,'2025-10-21 12:05:22','sale',150,1207,NULL,NULL,1),
(990,'2025-10-21 12:05:29','sale',300,1208,NULL,NULL,1),
(991,'2025-10-21 12:11:14','sale',350,1209,NULL,NULL,1),
(992,'2025-10-21 12:11:36','sale',35,1210,NULL,NULL,1),
(993,'2025-10-21 12:26:48','sale',60,1211,NULL,NULL,1),
(994,'2025-10-21 12:35:44','sale',50,1212,NULL,NULL,1),
(995,'2025-10-21 14:24:47','sale',50,1213,NULL,NULL,1),
(996,'2025-10-21 15:39:30','sale',499.95,1214,NULL,NULL,1),
(998,'2025-10-21 17:54:52','sale',380,1216,NULL,NULL,1),
(999,'2025-10-21 18:46:57','sale',200,1217,NULL,NULL,1),
(1000,'2025-10-21 18:52:48','sale',60,1218,NULL,NULL,1),
(1001,'2025-10-21 18:54:05','sale',30,1219,NULL,NULL,1),
(1002,'2025-10-21 19:07:36','sale',220,1220,NULL,NULL,1),
(1003,'2025-10-21 20:07:17','sale',60,1221,NULL,NULL,1),
(1004,'2025-10-21 20:07:26','sale',120,1222,NULL,NULL,1),
(1005,'2025-10-22 10:27:18','sale',199.98,1223,NULL,NULL,1),
(1006,'2025-10-22 11:35:17','sale',4050,1224,NULL,NULL,1),
(1007,'2025-10-22 11:35:30','sale',130,1225,NULL,NULL,1),
(1008,'2025-10-22 11:35:39','sale',150,1226,NULL,NULL,1),
(1009,'2025-10-22 00:00:00','startmoney',12300,NULL,NULL,NULL,1),
(1010,'2025-10-22 12:09:32','sale',200,1228,NULL,NULL,1),
(1011,'2025-10-22 12:10:17','sale',165,1230,NULL,NULL,1),
(1014,'2025-10-22 14:24:43','sale',50,1236,NULL,NULL,1),
(1015,'2025-10-22 14:47:53','sale',490,1238,NULL,NULL,1),
(1016,'2025-10-22 15:13:08','sale',800,1239,NULL,NULL,1),
(1017,'2025-10-22 15:31:22','withdraw',13000,NULL,NULL,NULL,1),
(1019,'2025-10-22 17:43:00','sale',280,1240,NULL,NULL,1),
(1020,'2025-10-22 17:43:16','sale',200,1241,NULL,NULL,1),
(1021,'2025-10-22 18:42:52','sale',400,1242,NULL,NULL,1),
(1022,'2025-10-23 10:11:08','sale',200,1243,NULL,NULL,1),
(1023,'2025-10-23 10:26:19','sale',50,1244,NULL,NULL,1),
(1024,'2025-10-23 10:32:50','sale',300,1245,NULL,NULL,1),
(1025,'2025-10-23 11:13:48','sale',200,1246,NULL,NULL,1),
(1026,'2025-10-23 11:14:11','sale',250,1247,NULL,NULL,1),
(1027,'2025-10-23 11:18:59','sale',1130,1248,NULL,NULL,1),
(1028,'2025-10-23 11:19:36','sale',200,1249,NULL,NULL,1),
(1029,'2025-10-23 11:53:25','sale',40,1250,NULL,NULL,1),
(1030,'2025-10-23 12:39:04','sale',49.94,1251,NULL,NULL,1),
(1031,'2025-10-23 12:39:16','sale',240,1252,NULL,NULL,1),
(1033,'2025-10-23 00:00:00','startmoney',6840,NULL,NULL,NULL,1),
(1034,'2025-10-23 15:20:21','sale',100,1253,NULL,NULL,1),
(1036,'2025-10-23 16:17:54','extra',7000,NULL,NULL,NULL,1),
(1037,'2025-10-23 16:18:02','extra',1000,NULL,NULL,NULL,1),
(1038,'2025-10-23 16:18:22','purchase',15950,NULL,80,NULL,1),
(1039,'2025-10-23 16:19:06','expense',325,NULL,NULL,NULL,1),
(1040,'2025-10-23 16:32:14','sale',250,1254,NULL,NULL,1),
(1041,'2025-10-23 17:15:17','sale',60,1255,NULL,NULL,1),
(1043,'2025-10-23 17:18:12','sale',80,1257,NULL,NULL,1),
(1044,'2025-10-23 17:18:39','withdraw',20,NULL,NULL,NULL,1),
(1045,'2025-10-23 17:26:09','sale',99.2,1258,NULL,NULL,1),
(1046,'2025-10-23 17:33:15','sale',100,1259,NULL,NULL,1),
(1047,'2025-10-23 17:58:15','sale',200,1260,NULL,NULL,1),
(1048,'2025-10-23 18:49:18','sale',50,1261,NULL,NULL,1),
(1049,'2025-10-23 20:25:15','sale',79.8,1262,NULL,NULL,1),
(1050,'2025-10-24 00:00:00','startmoney',2245,NULL,NULL,NULL,1),
(1051,'2025-10-24 10:06:17','sale',600,1263,NULL,NULL,1),
(1052,'2025-10-24 10:46:03','sale',120,1264,NULL,NULL,1),
(1053,'2025-10-24 12:01:36','withdraw',1000,NULL,NULL,NULL,1),
(1054,'2025-10-24 12:02:55','sale',40,1265,NULL,NULL,1),
(1055,'2025-10-24 15:25:05','sale',649.99,1266,NULL,NULL,1),
(1056,'2025-10-24 16:07:33','sale',230,1267,NULL,NULL,1),
(1057,'2025-10-24 16:25:53','extra',80,NULL,NULL,NULL,1),
(1058,'2025-10-24 16:28:32','sale',100,1268,NULL,NULL,1),
(1059,'2025-10-24 16:36:23','sale',70,1269,NULL,NULL,1),
(1060,'2025-10-24 16:44:51','sale',500,1270,NULL,NULL,1),
(1061,'2025-10-24 17:04:42','sale',500,1272,NULL,NULL,1),
(1062,'2025-10-24 18:43:17','sale',180,1273,NULL,NULL,1),
(1063,'2025-10-24 18:46:33','sale',20,1274,NULL,NULL,1),
(1064,'2025-10-24 19:11:28','sale',1940,1275,NULL,NULL,1),
(1065,'2025-10-24 19:11:41','sale',150,1276,NULL,NULL,1),
(1066,'2025-10-25 09:07:30','sale',420,1277,NULL,NULL,1),
(1067,'2025-10-25 09:08:08','sale',600,1278,NULL,NULL,1),
(1068,'2025-10-25 09:08:22','sale',750,1279,NULL,NULL,1),
(1069,'2025-10-25 10:52:09','sale',888.95,1280,NULL,NULL,1),
(1070,'2025-10-25 10:55:10','sale',40,1281,NULL,NULL,1),
(1072,'2025-10-25 11:28:49','sale',220,1283,NULL,NULL,1),
(1073,'2025-10-25 11:37:20','sale',240,1284,NULL,NULL,1),
(1074,'2025-10-25 11:43:45','sale',198.65,1285,NULL,NULL,1),
(1075,'2025-10-25 12:01:12','sale',198.45,1286,NULL,NULL,1),
(1076,'2025-10-25 12:21:29','sale',398.4,1287,NULL,NULL,1),
(1077,'2025-10-25 00:00:00','startmoney',3080,NULL,NULL,NULL,1),
(1078,'2025-10-25 16:07:56','sale',130,1288,NULL,NULL,1),
(1079,'2025-10-25 16:58:55','sale',99.6,1289,NULL,NULL,1),
(1080,'2025-10-25 17:15:06','sale',450,1290,NULL,NULL,1),
(1081,'2025-10-25 18:31:21','sale',690,1291,NULL,NULL,1),
(1082,'2025-10-25 19:29:48','sale',140,1292,NULL,NULL,1),
(1083,'2025-10-25 19:29:57','sale',150,1293,NULL,NULL,1),
(1084,'2025-10-25 19:30:53','sale',400,1294,NULL,NULL,1),
(1085,'2025-10-25 19:31:11','withdraw',2000,NULL,NULL,NULL,1),
(1086,'2025-10-26 00:00:00','startmoney',7460,NULL,NULL,NULL,1),
(1087,'2025-10-26 09:34:14','sale',399.98,1295,NULL,NULL,1),
(1088,'2025-10-26 09:34:30','sale',240,1296,NULL,NULL,1),
(1089,'2025-10-26 10:08:06','sale',200,1297,NULL,NULL,1),
(1090,'2025-10-26 10:08:21','sale',30,1298,NULL,NULL,1),
(1091,'2025-10-26 10:10:09','sale',297.35,1299,NULL,NULL,1),
(1092,'2025-10-26 10:23:14','sale',380,1300,NULL,NULL,1),
(1093,'2025-10-26 10:39:38','sale',618.65,1301,NULL,NULL,1),
(1094,'2025-10-26 10:50:24','sale',500,1302,NULL,NULL,1),
(1095,'2025-10-26 10:50:35','sale',48.6,1303,NULL,NULL,1),
(1096,'2025-10-26 11:28:39','purchase',1440,NULL,81,NULL,1),
(1097,'2025-10-26 11:41:03','sale',230,1304,NULL,NULL,1),
(1098,'2025-10-26 12:23:39','sale',1280,1305,NULL,NULL,1),
(1099,'2025-10-26 12:24:07','sale',210,1306,NULL,NULL,1),
(1100,'2025-10-26 12:29:17','sale',170,1307,NULL,NULL,1),
(1101,'2025-10-26 14:30:51','sale',300,1308,NULL,NULL,1),
(1102,'2025-10-26 14:37:19','sale',10,1310,NULL,NULL,1),
(1103,'2025-10-26 14:39:46','withdraw',8000,NULL,NULL,NULL,1),
(1106,'2025-10-26 15:05:40','extra',1040,NULL,NULL,NULL,1),
(1107,'2025-10-26 15:11:01','sale',40,1313,NULL,NULL,1),
(1108,'2025-10-26 15:31:36','sale',257.3,1314,NULL,NULL,1),
(1109,'2025-10-26 15:32:13','sale',50,1315,NULL,NULL,1),
(1110,'2025-10-26 16:07:34','sale',350,1316,NULL,NULL,1),
(1111,'2025-10-26 16:27:57','sale',200,1317,NULL,NULL,1),
(1112,'2025-10-26 16:28:12','sale',230,1318,NULL,NULL,1),
(1113,'2025-10-26 16:44:30','sale',50,1319,NULL,NULL,1),
(1114,'2025-10-26 16:45:03','sale',299.97,1320,NULL,NULL,1),
(1115,'2025-10-26 16:46:15','sale',250,1321,NULL,NULL,1),
(1116,'2025-10-26 16:48:56','sale',50,1322,NULL,NULL,1),
(1117,'2025-10-26 16:54:22','sale',200,1323,NULL,NULL,1),
(1118,'2025-10-26 16:59:19','sale',149.6,1324,NULL,NULL,1),
(1119,'2025-10-26 17:12:00','sale',469.6,1325,NULL,NULL,1),
(1120,'2025-10-26 17:12:56','sale',199.95,1326,NULL,NULL,1),
(1121,'2025-10-26 18:26:42','sale',100,1327,NULL,NULL,1),
(1122,'2025-10-26 18:26:55','sale',550,1328,NULL,NULL,1),
(1123,'2025-10-26 18:27:27','sale',110,1329,NULL,NULL,1),
(1124,'2025-10-26 18:28:54','sale',499.8,1330,NULL,NULL,1),
(1125,'2025-10-26 18:44:39','sale',50,1331,NULL,NULL,1),
(1126,'2025-10-26 19:02:19','sale',50,1333,NULL,NULL,1),
(1127,'2025-10-26 19:02:53','sale',250,1335,NULL,NULL,1),
(1128,'2025-10-27 00:00:00','startmoney',8390,NULL,NULL,NULL,1),
(1129,'2025-10-27 09:16:58','sale',130,1337,NULL,NULL,1),
(1130,'2025-10-27 09:35:31','sale',100,1338,NULL,NULL,1),
(1131,'2025-10-27 09:43:09','sale',200,1339,NULL,NULL,1),
(1132,'2025-10-27 10:06:50','sale',2550,1340,NULL,NULL,1),
(1133,'2025-10-27 10:43:41','sale',198.65,1341,NULL,NULL,1),
(1134,'2025-10-27 11:07:57','sale',100,1342,NULL,NULL,1),
(1135,'2025-10-27 11:19:39','sale',200,1343,NULL,NULL,1),
(1136,'2025-10-27 11:19:56','sale',100,1344,NULL,NULL,1),
(1137,'2025-10-27 11:20:08','sale',50,1345,NULL,NULL,1),
(1138,'2025-10-27 11:31:06','sale',140,1346,NULL,NULL,1),
(1139,'2025-10-27 12:11:16','sale',140,1347,NULL,NULL,1),
(1140,'2025-10-27 15:04:16','sale',650,1349,NULL,NULL,1),
(1141,'2025-10-27 15:17:49','sale',230,1351,NULL,NULL,1),
(1142,'2025-10-27 15:18:32','sale',180,1352,NULL,NULL,1),
(1143,'2025-10-27 15:21:54','withdraw',8000,NULL,NULL,NULL,1),
(1144,'2025-10-27 16:31:48','sale',249.6,1353,NULL,NULL,1),
(1145,'2025-10-27 16:31:57','sale',100,1354,NULL,NULL,1),
(1146,'2025-10-27 16:46:34','sale',199.88,1355,NULL,NULL,1),
(1147,'2025-10-27 17:24:47','sale',285,1356,NULL,NULL,1),
(1148,'2025-10-27 18:30:13','sale',249.6,1357,NULL,NULL,1),
(1149,'2025-10-27 18:31:50','extra',15,NULL,NULL,NULL,1),
(1150,'2025-10-27 18:34:38','sale',20,1359,NULL,NULL,1),
(1151,'2025-10-27 18:58:11','sale',348,1360,NULL,NULL,1),
(1152,'2025-10-27 18:58:44','sale',490,1361,NULL,NULL,1),
(1155,'2025-10-28 09:59:29','sale',329.8,1364,NULL,NULL,1),
(1156,'2025-10-28 00:00:00','startmoney',7320,NULL,NULL,NULL,1),
(1157,'2025-10-28 10:00:26','sale',150,1365,NULL,NULL,1),
(1158,'2025-10-28 10:00:33','sale',110,1366,NULL,NULL,1),
(1159,'2025-10-28 10:37:34','sale',550,1368,NULL,NULL,1),
(1160,'2025-10-28 10:38:05','forgive',550,NULL,NULL,NULL,1),
(1161,'2025-10-28 11:20:43','sale',150,1369,NULL,NULL,1),
(1162,'2025-10-28 11:32:45','sale',55,1370,NULL,NULL,1),
(1163,'2025-10-28 11:45:28','sale',490,1372,NULL,NULL,1),
(1164,'2025-10-28 12:01:46','withdraw',200,NULL,NULL,NULL,1),
(1165,'2025-10-28 12:26:07','sale',130,1374,NULL,NULL,1),
(1166,'2025-10-28 14:46:59','sale',520,1375,NULL,NULL,1),
(1167,'2025-10-28 16:10:52','sale',350,1376,NULL,NULL,1),
(1168,'2025-10-28 16:22:11','sale',430,1377,NULL,NULL,1),
(1169,'2025-10-28 16:26:08','sale',130,1378,NULL,NULL,1),
(1170,'2025-10-28 16:42:02','sale',420,1379,NULL,NULL,1),
(1171,'2025-10-28 17:27:19','sale',150,1380,NULL,NULL,1),
(1172,'2025-10-28 17:33:56','sale',50,1381,NULL,NULL,1),
(1173,'2025-10-28 17:43:27','sale',600,1382,NULL,NULL,1),
(1174,'2025-10-28 17:43:41','withdraw',8000,NULL,NULL,NULL,1),
(1175,'2025-10-28 17:44:44','sale',355,1383,NULL,NULL,1),
(1176,'2025-10-28 18:25:44','sale',159.95,1384,NULL,NULL,1),
(1177,'2025-10-29 09:44:41','sale',124.7,1385,NULL,NULL,1),
(1178,'2025-10-29 09:45:15','sale',110,1386,NULL,NULL,1),
(1179,'2025-10-29 09:46:50','sale',750,1387,NULL,NULL,1),
(1180,'2025-10-29 09:48:17','sale',980,1388,NULL,NULL,1),
(1181,'2025-10-29 09:58:21','sale',50,1389,NULL,NULL,1),
(1182,'2025-10-29 09:58:37','sale',50,1390,NULL,NULL,1),
(1183,'2025-10-29 10:05:29','sale',80,1392,NULL,NULL,1),
(1184,'2025-10-29 00:00:00','startmoney',3700,NULL,NULL,NULL,1),
(1185,'2025-10-29 10:06:11','extra',2000,NULL,NULL,NULL,1),
(1186,'2025-10-29 10:26:22','sale',1280,1393,NULL,NULL,1),
(1187,'2025-10-29 11:16:45','sale',200,1394,NULL,NULL,1),
(1188,'2025-10-29 11:51:38','withdraw',3030,NULL,NULL,NULL,1),
(1189,'2025-10-29 11:53:17','sale',189.8,1396,NULL,NULL,1),
(1190,'2025-10-29 15:26:22','sale',69.6,1397,NULL,NULL,1),
(1192,'2025-10-29 15:34:25','sale',150,1399,NULL,NULL,1),
(1193,'2025-10-29 16:09:04','sale',440,1400,NULL,NULL,1),
(1194,'2025-10-29 16:19:45','sale',80,1401,NULL,NULL,1),
(1195,'2025-10-29 16:58:38','sale',630,1402,NULL,NULL,1),
(1196,'2025-10-29 17:16:00','sale',419.5,1403,NULL,NULL,1),
(1197,'2025-10-29 17:16:11','sale',150,1404,NULL,NULL,1),
(1198,'2025-10-29 17:16:38','sale',80,1405,NULL,NULL,1),
(1199,'2025-10-29 17:21:14','sale',300,1406,NULL,NULL,1),
(1200,'2025-10-29 17:21:50','withdraw',2300,NULL,NULL,NULL,1),
(1201,'2025-10-29 18:50:52','sale',100,1407,NULL,NULL,1),
(1202,'2025-10-29 19:06:19','sale',298.45,1409,NULL,NULL,1),
(1203,'2025-10-29 19:12:10','sale',73.95,1410,NULL,NULL,1),
(1204,'2025-10-29 19:53:19','sale',450,1411,NULL,NULL,1),
(1205,'2025-10-30 08:18:04','sale',149,1412,NULL,NULL,1),
(1206,'2025-10-30 00:00:00','startmoney',8020,NULL,NULL,NULL,1),
(1210,'2025-10-30 09:17:05','sale',130,1416,NULL,NULL,1),
(1211,'2025-10-30 09:36:40','sale',300,1417,NULL,NULL,1),
(1212,'2025-10-30 09:42:44','withdraw',200,NULL,NULL,NULL,1),
(1213,'2025-10-30 09:42:59','extra',30,NULL,NULL,NULL,1),
(1214,'2025-10-30 09:43:27','sale',20,1418,NULL,NULL,1),
(1215,'2025-10-30 10:16:39','sale',330,1419,NULL,NULL,1),
(1217,'2025-10-30 10:27:34','sale',450,1420,NULL,NULL,1),
(1218,'2025-10-30 10:27:42','sale',230,1421,NULL,NULL,1),
(1220,'2025-10-30 10:56:34','sale',150,1422,NULL,NULL,1),
(1221,'2025-10-30 11:05:47','sale',49.6,1423,NULL,NULL,1),
(1222,'2025-10-30 11:06:30','sale',50,1424,NULL,NULL,1),
(1224,'2025-10-30 11:37:41','sale',230,1427,NULL,NULL,1),
(1225,'2025-10-30 12:05:17','sale',40,1428,NULL,NULL,1),
(1226,'2025-10-30 12:12:05','sale',49.5,1429,NULL,NULL,1),
(1227,'2025-10-30 12:12:11','sale',100,1430,NULL,NULL,1),
(1228,'2025-10-30 12:18:12','sale',179,1431,NULL,NULL,1),
(1229,'2025-10-30 12:30:51','sale',220,1432,NULL,NULL,1),
(1231,'2025-10-30 14:14:03','sale',400,1433,NULL,NULL,1),
(1232,'2025-10-30 14:14:24','sale',299,1434,NULL,NULL,1),
(1233,'2025-10-30 14:25:39','extra',10,NULL,NULL,NULL,1),
(1235,'2025-10-30 14:26:05','withdraw',8000,NULL,NULL,NULL,1),
(1236,'2025-10-30 14:31:19','sale',50,1435,NULL,NULL,1),
(1237,'2025-10-30 15:25:54','sale',619.95,1436,NULL,NULL,1),
(1238,'2025-10-30 15:34:43','sale',235,1437,NULL,NULL,1),
(1239,'2025-10-30 15:38:29','sale',200,1438,NULL,NULL,1),
(1240,'2025-10-30 16:58:21','sale',130,1440,NULL,NULL,1),
(1241,'2025-10-30 16:58:36','sale',100,1441,NULL,NULL,1),
(1242,'2025-10-30 16:59:10','sale',95,1442,NULL,NULL,1),
(1243,'2025-10-30 17:00:50','sale',95,1443,NULL,NULL,1),
(1244,'2025-10-30 17:37:10','sale',130,1444,NULL,NULL,1),
(1245,'2025-10-30 17:40:42','sale',130,1445,NULL,NULL,1),
(1246,'2025-10-30 17:52:25','sale',100,1446,NULL,NULL,1),
(1247,'2025-10-30 18:38:44','withdraw',1000,NULL,NULL,NULL,1),
(1248,'2025-10-30 18:38:53','extra',500,NULL,NULL,NULL,1),
(1249,'2025-10-30 19:19:13','sale',200,1447,NULL,NULL,1),
(1250,'2025-11-01 00:00:00','startmoney',510,NULL,NULL,NULL,1),
(1251,'2025-11-01 13:46:03','sale',50,1448,NULL,NULL,1),
(1252,'2025-11-01 14:55:00','sale',200,1449,NULL,NULL,1),
(1254,'2025-11-01 15:34:57','sale',300,1450,NULL,NULL,1),
(1259,'2025-11-01 17:31:27','sale',99.5,1456,NULL,NULL,1),
(1263,'2025-11-01 18:42:25','expense',60,NULL,NULL,NULL,1),
(1264,'2025-11-01 19:26:14','sale',1589.98,1459,NULL,NULL,1),
(1265,'2025-11-02 10:31:39','sale',880,1460,NULL,NULL,1),
(1266,'2025-11-02 00:00:00','startmoney',700,NULL,NULL,NULL,1),
(1267,'2025-11-02 10:34:43','withdraw',500,NULL,NULL,NULL,1),
(1268,'2025-11-02 10:34:59','extra',60,NULL,NULL,NULL,1),
(1269,'2025-11-02 11:06:34','withdraw',275,NULL,NULL,NULL,1),
(1270,'2025-11-02 11:27:54','sale',620,1463,NULL,NULL,1),
(1271,'2025-11-02 11:36:53','forgive',100,NULL,NULL,NULL,1),
(1276,'2025-11-02 11:51:01','sale',429.58,1466,NULL,NULL,1),
(1277,'2025-11-02 14:03:38','sale',1450,1467,NULL,NULL,1),
(1278,'2025-11-02 14:39:08','sale',150,1468,NULL,NULL,1),
(1279,'2025-11-02 15:18:20','sale',210,1470,NULL,NULL,1),
(1280,'2025-11-02 15:18:27','sale',810,1471,NULL,NULL,1),
(1281,'2025-11-02 15:18:51','extra',65,NULL,NULL,NULL,1),
(1282,'2025-11-02 15:31:03','sale',1340,1473,NULL,NULL,1),
(1283,'2025-11-02 15:56:19','sale',200,1474,NULL,NULL,1),
(1284,'2025-11-02 15:57:32','forgive',40,NULL,NULL,NULL,1),
(1285,'2025-11-02 16:16:04','sale',220,1475,NULL,NULL,1),
(1286,'2025-11-02 16:21:05','sale',790,1478,NULL,NULL,1),
(1287,'2025-11-02 16:22:34','sale',260,1479,NULL,NULL,1),
(1288,'2025-11-02 16:26:42','sale',30,1480,NULL,NULL,1),
(1289,'2025-11-02 16:53:14','sale',60,1481,NULL,NULL,1),
(1290,'2025-11-02 17:12:59','sale',1499.9,1483,NULL,NULL,1),
(1291,'2025-11-02 18:38:06','sale',100,1484,NULL,NULL,1),
(1292,'2025-11-02 18:38:15','sale',150,1485,NULL,NULL,1),
(1293,'2025-11-02 18:38:33','sale',550,1486,NULL,NULL,1),
(1294,'2025-11-02 19:27:36','sale',200,1487,NULL,NULL,1),
(1295,'2025-11-02 19:27:49','sale',750,1488,NULL,NULL,1),
(1296,'2025-11-02 19:27:55','sale',450,1489,NULL,NULL,1),
(1297,'2025-11-02 20:16:55','extra',50,NULL,NULL,NULL,1),
(1298,'2025-11-03 10:23:03','sale',250,1490,NULL,NULL,1),
(1299,'2025-11-03 10:23:16','sale',200,1491,NULL,NULL,1),
(1300,'2025-11-03 10:23:38','sale',820,1492,NULL,NULL,1),
(1301,'2025-11-03 10:24:06','sale',250,1493,NULL,NULL,1),
(1302,'2025-11-03 10:24:27','sale',250,1494,NULL,NULL,1),
(1303,'2025-11-03 10:27:59','sale',100,1495,NULL,NULL,1),
(1306,'2025-11-03 00:00:00','extra',4000,NULL,NULL,NULL,1),
(1307,'2025-11-03 00:00:00','withdraw',500,NULL,NULL,NULL,1),
(1309,'2025-11-03 11:06:40','sale',100,1496,NULL,NULL,1),
(1310,'2025-11-03 11:25:28','sale',200,1497,NULL,NULL,1),
(1311,'2025-11-03 11:49:11','sale',250,1499,NULL,NULL,1),
(1313,'2025-11-03 11:55:09','sale',100,1500,NULL,NULL,1),
(1314,'2025-11-03 11:55:22','sale',400,1501,NULL,NULL,1),
(1315,'2025-11-03 12:18:20','sale',150,1502,NULL,NULL,1),
(1316,'2025-11-03 14:23:11','sale',100,1503,NULL,NULL,1),
(1317,'2025-11-03 00:00:00','startmoney',1105,NULL,NULL,NULL,1),
(1318,'2025-11-03 14:58:09','sale',150,1504,NULL,NULL,1),
(1319,'2025-11-03 16:02:59','sale',50,1505,NULL,NULL,1),
(1320,'2025-11-03 16:29:05','sale',120,1506,NULL,NULL,1),
(1321,'2025-11-03 16:43:16','sale',480,1507,NULL,NULL,1),
(1323,'2025-11-03 16:58:28','sale',50,1509,NULL,NULL,1),
(1324,'2025-11-03 17:15:38','sale',100,1510,NULL,NULL,1),
(1325,'2025-11-03 18:16:02','sale',350,1513,NULL,NULL,1),
(1326,'2025-11-03 18:50:28','sale',350,1514,NULL,NULL,1),
(1327,'2025-11-03 19:18:12','sale',100,1515,NULL,NULL,1),
(1329,'2025-11-03 19:20:27','sale',530,1516,NULL,NULL,1),
(1330,'2025-11-03 20:11:44','extra',5,NULL,NULL,NULL,1),
(1331,'2025-11-03 20:11:51','withdraw',180,NULL,NULL,NULL,1),
(1332,'2025-11-04 10:13:23','sale',840,1517,NULL,NULL,1),
(1333,'2025-11-04 10:13:45','sale',300,1518,NULL,NULL,1),
(1334,'2025-11-04 10:14:39','extra',130,NULL,NULL,NULL,1),
(1335,'2025-11-04 10:27:39','sale',300,1520,NULL,NULL,1),
(1336,'2025-11-04 10:53:46','sale',830,1521,NULL,NULL,1),
(1337,'2025-11-04 10:54:02','sale',570,1522,NULL,NULL,1),
(1338,'2025-11-04 11:05:45','sale',100,1524,NULL,NULL,1),
(1339,'2025-11-04 11:51:02','sale',200,1525,NULL,NULL,1),
(1340,'2025-11-04 12:14:51','sale',150,1526,NULL,NULL,1),
(1341,'2025-11-04 14:05:43','sale',250,1527,NULL,NULL,1),
(1342,'2025-11-04 00:00:00','startmoney',4040,NULL,NULL,NULL,1),
(1343,'2025-11-04 14:27:42','sale',90,1528,NULL,NULL,1),
(1344,'2025-11-04 17:13:40','sale',190,1529,NULL,NULL,1),
(1345,'2025-11-04 17:14:36','sale',100,1530,NULL,NULL,1),
(1346,'2025-11-04 17:14:54','sale',100,1531,NULL,NULL,1),
(1347,'2025-11-04 17:36:20','sale',0,1532,NULL,NULL,1),
(1348,'2025-11-04 17:38:26','sale',0,1533,NULL,NULL,1),
(1349,'2025-11-04 18:28:57','sale',2250,1534,NULL,NULL,1),
(1350,'2025-11-04 18:29:12','sale',300,1535,NULL,NULL,1),
(1351,'2025-11-04 18:29:29','extra',500,NULL,NULL,NULL,1),
(1352,'2025-11-04 18:56:52','sale',80,1536,NULL,NULL,1),
(1353,'2025-11-04 19:48:39','withdraw',1000,NULL,NULL,NULL,1),
(1354,'2025-11-05 00:00:00','startmoney',1345,NULL,NULL,NULL,1),
(1355,'2025-11-05 08:50:19','extra',500,NULL,NULL,NULL,1),
(1356,'2025-11-05 09:15:50','sale',40,1537,NULL,NULL,1),
(1357,'2025-11-05 09:15:58','sale',50,1538,NULL,NULL,1),
(1358,'2025-11-05 10:15:41','sale',1290,1539,NULL,NULL,1),
(1359,'2025-11-05 10:19:06','sale',200,1540,NULL,NULL,1),
(1360,'2025-11-06 00:00:00','startmoney',1500,NULL,NULL,NULL,1),
(1361,'2025-11-06 09:54:25','sale',50,1541,NULL,NULL,2),
(1362,'2025-11-06 15:24:04','expense',190,NULL,NULL,NULL,1),
(1363,'2025-11-08 11:41:18','sale',130,1542,NULL,NULL,1),
(1364,'2025-11-11 00:00:00','startmoney',3370,NULL,NULL,NULL,2),
(1365,'2025-11-11 00:00:00','startmoney',1000,NULL,NULL,NULL,1),
(1366,'2025-11-14 18:59:48','sale',2360,1544,NULL,NULL,1),
(1367,'2025-11-14 00:00:00','startmoney',1000,NULL,NULL,NULL,1),
(1368,'2025-11-15 00:00:00','startmoney',1000,NULL,NULL,NULL,1),
(1369,'2025-11-15 13:01:58','startmoney',2210,NULL,NULL,NULL,2),
(1370,'2025-11-15 18:20:53','withdraw',1300,NULL,NULL,NULL,1),
(1371,'2025-11-15 18:23:15','sale',6750,1545,NULL,NULL,1),
(1372,'2025-11-16 00:00:00','startmoney',1000,NULL,NULL,NULL,1),
(1373,'2025-11-16 00:00:00','extra',4455,NULL,NULL,NULL,1),
(1374,'2025-11-16 00:00:00','withdraw',650,NULL,NULL,NULL,1),
(1375,'2025-11-17 00:00:00','startmoney',2000,NULL,NULL,NULL,1),
(1376,'2025-11-18 09:41:44','startmoney',3995,NULL,NULL,NULL,1),
(1377,'2025-11-17 00:00:00','extra',4010,NULL,NULL,NULL,1),
(1378,'2025-11-17 00:00:00','withdraw',650,NULL,NULL,NULL,1),
(1379,'2025-11-18 00:00:00','withdraw',3000,NULL,NULL,NULL,1),
(1380,'2025-11-18 00:00:00','withdraw',6000,NULL,NULL,NULL,1),
(1381,'2025-11-18 00:00:00','withdraw',650,NULL,NULL,NULL,1),
(1383,'2025-11-18 00:00:00','extra',2000,NULL,NULL,NULL,1),
(1384,'2025-11-18 00:00:00','extra',7415,NULL,NULL,NULL,1),
(1385,'2025-11-19 00:00:00','startmoney',1500,NULL,NULL,NULL,1),
(1386,'2025-11-20 00:00:00','startmoney',1500,NULL,NULL,NULL,1),
(1387,'2025-11-27 15:08:11','sale',0,1640,NULL,NULL,2),
(1390,'2025-11-27 16:31:19','sale',0,1644,NULL,NULL,2);
/*!40000 ALTER TABLE `transactions` ENABLE KEYS */;
UNLOCK TABLES;
commit;

--
-- Table structure for table `user`
--

DROP TABLE IF EXISTS `user`;
/*!40101 SET @saved_cs_client     = @@character_set_client */;
/*!40101 SET character_set_client = utf8mb4 */;
CREATE TABLE `user` (
  `id` int(11) NOT NULL AUTO_INCREMENT,
  `username` varchar(100) NOT NULL,
  `password` varchar(200) NOT NULL,
  PRIMARY KEY (`id`),
  UNIQUE KEY `username` (`username`)
) ENGINE=InnoDB AUTO_INCREMENT=6 DEFAULT CHARSET=utf8mb4 COLLATE=utf8mb4_uca1400_ai_ci;
/*!40101 SET character_set_client = @saved_cs_client */;

--
-- Dumping data for table `user`
--

LOCK TABLES `user` WRITE;
/*!40000 ALTER TABLE `user` DISABLE KEYS */;
set autocommit=0;
INSERT INTO `user` VALUES
(1,'mohamed','scrypt:32768:8:1$nEEftVI3mIwFjDwa$3e86effcdf187ac9529f738edb141f3e8100f1336a2be8c9710d95f845e117498302183c0cf19657ff920d334b31bd86b594b54859642810ece2d12e20836b0c'),
(2,'moh','scrypt:32768:8:1$Ojt4nEU40puS2tBK$858eb86aed2709d2e4d184af52a7745291ba4a18faa21bab2f7fde65bdcc877e1524e776ca8bf2cb044fe1ebe307ca21b95582ede94f26aad7796b56fa40893b'),
(3,'Test','scrypt:32768:8:1$Quu8iCABpiHn5nv4$7d0ada712f2ef395026e4d4a96bf0adc3effed682b2993d84b310aa28bc640e0454e5ac6b789f810230100a3447b16e16f89345d317c4efe3e5b1bcab0214349'),
(4,'tmh','scrypt:32768:8:1$hjUvVjLVSsHnvYl2$392877d6dca6951e425106515d74541d2cef6f4f4477471eb7b9ef3fe8255f7be40f615b50081d1097381f9235f6a54246446cfe53b47d193aaab0d443ff3a14'),
(5,'moha','scrypt:32768:8:1$f9qEYyx9im2HmphE$1c389acd5098fb8d683e4e4a3a68b8ea5496f8f9b81fda783ee63273d8ce503e0115b243a0fc4dbd6dcfcf4ea5ecd5aa33369060c77bd3ecd3366e283bb399c6');
/*!40000 ALTER TABLE `user` ENABLE KEYS */;
UNLOCK TABLES;
commit;
/*!40103 SET TIME_ZONE=@OLD_TIME_ZONE */;

/*!40101 SET SQL_MODE=@OLD_SQL_MODE */;
/*!40014 SET FOREIGN_KEY_CHECKS=@OLD_FOREIGN_KEY_CHECKS */;
/*!40014 SET UNIQUE_CHECKS=@OLD_UNIQUE_CHECKS */;
/*!40101 SET CHARACTER_SET_CLIENT=@OLD_CHARACTER_SET_CLIENT */;
/*!40101 SET CHARACTER_SET_RESULTS=@OLD_CHARACTER_SET_RESULTS */;
/*!40101 SET COLLATION_CONNECTION=@OLD_COLLATION_CONNECTION */;
/*M!100616 SET NOTE_VERBOSITY=@OLD_NOTE_VERBOSITY */;

-- Dump completed on 2025-11-29 23:32:57
